fAx,H_1
40.5,-1.87453032767547e-08-3.74023639199546e-06i
40.7297451851468,-2.10140993475813e-08-3.7698966492284e-06i
40.9607936505429,-2.33742417143507e-08-3.80085408288817e-06i
41.1931527893331,-2.5832466972733e-08-3.83317234641092e-06i
41.4268300366013,-2.83961302227857e-08-3.86691985762272e-06i
41.6618328696088,-3.1073251183897e-08-3.90216994972507e-06i
41.898168808033,-3.38725761555515e-08-3.9390011611778e-06i
42.1358454142087,-3.68036723933905e-08-3.9774978685391e-06i
42.3748702933692,-3.98770492498516e-08-4.01775118432483e-06i
42.6152510938907,-4.31042177016475e-08-4.05985892991704e-06i
42.8569955075362,-4.64978509302775e-08-4.1039268176056e-06i
43.100111269702,-5.00718842589722e-08-4.15006868531491e-06i
43.3446061596651,-5.38417645899801e-08-4.19840849891765e-06i
43.5904880008321,-5.7824535884794e-08-4.2490800302967e-06i
43.8377646609899,-6.20391126841369e-08-4.30222872098313e-06i
44.0864440525568,-6.65064961689282e-08-4.35801252485639e-06i
44.3365341328362,-7.12501162897826e-08-4.41660400699598e-06i
44.5880429042712,-7.62961165271061e-08-4.47819131988225e-06i
44.8409784147002,-8.1673740900168e-08-4.54298000681591e-06i
45.0953487576149,-8.74158807907718e-08-4.61119616659343e-06i
45.3511620724193,-9.35594632025004e-08-4.6830870627563e-06i
45.6084265446896,-1.00146271324782e-07-4.75892608661398e-06i
45.8671504064368,-1.07223508581006e-07-4.83901374715256e-06i
46.1273419363697,-1.14844936981223e-07-4.92368413886362e-06i
46.3890094601599,-1.2307168132101e-07-5.01330622539629e-06i
46.652161350708,-1.31973785216065e-07-5.10829186182267e-06i
46.9168060284121,-1.41631599690261e-07-5.20909985280871e-06i
47.1829519614366,-1.52137738478314e-07-5.31624367047583e-06i
47.4506076659836,-1.63599441936451e-07-5.43030030144519e-06i
47.719781706565,-1.76141345793059e-07-5.55191944206586e-06i
47.990482696277,-1.89909085447757e-07-5.68183632046223e-06i
48.2627192970755,-2.05073577808175e-07-5.82088518979414e-06i
48.5365002200531,-2.2183666572783e-07-5.97001826484816e-06i
48.8118342257182,-2.40437808375788e-07-6.13032488705672e-06i
49.0887301242747,-2.61163042690189e-07-6.30305905845315e-06i
49.3671967759049,-2.84356205771199e-07-6.48967100764907e-06i
49.647243091052,-3.10433429791117e-07-6.69184628888414e-06i
49.9288780307058,-3.39902489024931e-07-6.91155785558403e-06i
50.2121106066894,-3.73387744087218e-07-7.15112713603257e-06i
50.4969498819473,-4.11663743844715e-07-7.41330420276008e-06i
50.7834049708356,-4.55701162219656e-07-7.70137415608848e-06i
51.0714850394135,-5.06728903573594e-07-8.01928957552742e-06i
51.361199305737,-5.66321148033946e-07-8.37184916355077e-06i
51.6525570401533,-6.36520591212055e-07-8.76493640499803e-06i
51.9455675655975,-7.20015170593435e-07-9.20583804776471e-06i
52.2402402578917,-8.20398052172575e-07-9.70368386026396e-06i
52.5365845460438,-9.42560220125921e-07-1.0270070059332e-05i
52.8346099125502,-1.09328876078899e-06-1.09199163800775e-05i
53.1343258936988,-1.28222246601351e-06-1.16727460486072e-05i
53.435742079874,-1.52340430644871e-06-1.25545404638702e-05i
53.738868115864,-1.83791613797902e-06-1.36005635701955e-05i
54.0437137011692,-2.25852514829897e-06-1.48597064682565e-05i
54.3502885903122,-2.83828482933571e-06-1.64013168030582e-05i
54.6586025931508,-3.66737951605604e-06-1.83260661209349e-05i
54.968665575191,-4.90831908986443e-06-2.07829114990934e-05i
55.2804874579032,-6.87524589126e-06-2.39927257381318e-05i
55.5940782190394,-1.02281950916398e-05-2.82630364226219e-05i
55.9094478929529,-1.64847586373507e-05-3.38692292234788e-05i
56.2266065709189,-2.9319402231216e-05-3.99801556750268e-05i
56.5455644014574,-5.52751673912129e-05-3.8158016452181e-05i
56.8663315906585,-7.93118860060869e-05-2.76263204866073e-06i
57.1889184025082,-5.6636352428008e-05+3.41327741180406e-05i
57.5133351592175,-3.00891702552652e-05+3.67643536562703e-05i
57.8395922415524,-1.68521710436433e-05+3.07090656398838e-05i
58.167700089166,-1.04207145590718e-05+2.5044467742243e-05i
58.4976692009325,-6.98884183596281e-06+2.07173852044979e-05i
58.8295101352837,-4.98321869919667e-06+1.74634535409867e-05i
59.1632335105461,-3.72198750482134e-06+1.49721522294441e-05i
59.4988500052809,-2.88180698705542e-06+1.30190830529936e-05i
59.8363703586262,-2.29594025490279e-06+1.14527770469558e-05i
60.1758053706399,-1.87210855448027e-06+1.01709102740894e-05i
60.5171659026456,-1.55614866092379e-06+9.10303644154855e-06i
60.8604628775805,-1.31467542486586e-06+8.19952021831154e-06i
61.2057072803442,-1.12624622433285e-06+7.4245652151899e-06i
61.5529101581506,-9.76600471587709e-07+6.75178834906452e-06i
61.9020826208816,-8.55967533963599e-07+6.16135578468109e-06i
62.2532358414423,-7.57478397810283e-07+5.6380827112933e-06i
62.6063810561183,-6.76194201275374e-07+5.17014419076705e-06i
62.9615295649357,-6.08494640142095e-07+4.74819142467304e-06i
63.3186927320226,-5.51680938843041e-07+4.36472837399662e-06i
63.6778819859726,-5.03711007309842e-07+4.01365829176654e-06i
64.0391088202101,-4.63020514246894e-07+3.68995877997139e-06i
64.4023847933591,-4.28398752371259e-07+3.38943926538779e-06i
64.767721529612,-3.98900987732198e-07+3.1085555708284e-06i
65.1351307191023,-3.73786282199671e-07+2.84427078699057e-06i
65.5046241182781,-3.52472336758939e-07+2.59394370423989e-06i
65.8762135502786,-3.34502891265456e-07+2.35524146908902e-06i
66.2499109053126,-3.19524200314311e-07+2.12607079791312e-06i
66.6257281410385,-3.07267711704215e-07+1.90451445591751e-06i
67.0036772829472,-2.97538394805969e-07+1.68878230366945e-06i
67.3837704247469,-2.9020698987132e-07+1.47716422870418e-06i
67.7660197287498,-2.85205912113856e-07+1.26798590528489e-06i
68.150437426262,-2.82528592844505e-07+1.05956758112754e-06i
68.5370358179738,-2.82232180898337e-07+8.50174240439968e-07i
68.9258272743544,-2.84444321128938e-07+6.3797077725071e-07i
69.3168242360467,-2.89374669334939e-07+4.20958769723925e-07i
69.7100392142664,-2.97332767013271e-07+1.96909082762543e-07i
70.1054847912015,-3.08754692686892e-07-3.67285330120333e-08i
70.5031736204153,-3.24242230966176e-07-2.82939273494177e-07i
70.9031184272513,-3.44620766445117e-07-5.45296877942209e-07i
71.3053320092402,-3.71025961796077e-07-8.28174697387508e-07i
71.7098272365097,-4.05034844540308e-07-1.13703304246496e-06i
72.116617052196,-4.4887073447826e-07-1.47884199408686e-06i
72.5257144728581,-5.05729774336568e-07-1.86269097214851e-06i
72.9371325888944,-5.80321365458702e-07-2.30071730583449e-06i
73.3508845649613,-6.79792622957382e-07-2.80953255413897e-06i
73.7669836403948,-8.15388331006138e-07-3.41252466394072e-06i
74.1854431296338,-1.00558284299276e-06-4.14365973336816e-06i
74.6062764226465,-1.28237801992584e-06-5.05403696771174e-06i
75.0294969853584,-1.70495540523546e-06-6.22358637172369e-06i
75.4551183600836,-2.39213934944768e-06-7.78245834298433e-06i
75.883154165958,-3.60893372291797e-06-9.94883027058284e-06i
76.3136180993747,-6.03090914607459e-06-1.30727460426581e-05i
76.7465239344231,-1.16636505038479e-05-1.74217796580582e-05i
77.1818855233289,-2.64076659344029e-05-1.96115390296148e-05i
77.6197167968977,-4.39442465057542e-05+3.42159253201054e-06i
78.0600317649605,-2.46486334425773e-05+2.36763654481191e-05i
78.5028445168223,-1.09681853221448e-05+2.08244207894475e-05i
78.9481692217128,-5.74085355802088e-06+1.65670720535673e-05i
79.3960201292398,-3.45929416149421e-06+1.35485308415373e-05i
79.8464115698449,-2.29796150028545e-06+1.14574130768701e-05i
80.2993579552627,-1.63469897074443e-06+9.95463616381049e-06i
80.7548737789812,-1.22247735270673e-06+8.83117270088211e-06i
81.212973616706,-9.49447889138295e-07+7.9622254735491e-06i
81.6736721268268,-7.59472156220171e-07+7.27095985794075e-06i
82.1369840508859,-6.21999975259132e-07+6.70814132011017e-06i
82.6029242140505,-5.19298396302607e-07+6.24100027507328e-06i
83.0715075255869,-4.40518505793687e-07+5.8469703894197e-06i
83.5427489793372,-3.78728880129732e-07+5.51004846874853e-06i
84.0166636541996,-3.29335502423577e-07+5.21858535611807e-06i
84.4932667146107,-2.89198022692824e-07+4.9639125096433e-06i
84.9725734110305,-2.56111156622303e-07+4.7394491444261e-06i
85.4545990804309,-2.28489689140355e-07+4.54011162274461e-06i
85.9393591467859,-2.05170792942725e-07+4.36191379892677e-06i
86.4268691215655,-1.85285645461464e-07+4.20168526026537e-06i
86.9171446042319,-1.68174593870824e-07+4.05687388724303e-06i
87.4102012827388,-1.53329527324989e-07+3.92540297091328e-06i
87.9060549340331,-1.40353740563059e-07+3.80556429889804e-06i
88.4047214245601,-1.28933989894226e-07+3.69594180228803e-06i
88.9062167107708,-1.18820063476794e-07+3.59535031329078e-06i
89.4105568396328,-1.09810245300737e-07+3.50279198217559e-06i
89.9177579491439,-1.0174029859133e-07+3.41741974546795e-06i
90.4278362688478,-9.44754228661985e-08+3.33851073065933e-06i
90.9408081203542,-8.79040738717489e-08+3.26544428156085e-06i
91.4566899178606,-8.19332912213371e-08+3.19768504305536e-06i
91.9754981686777,-7.64850521276549e-08+3.13476897131371e-06i
92.4972494737574,-7.14934329477677e-08+3.07629205752049e-06i
93.0219605282244,-6.69023877177826e-08+3.02190127075392e-06i
93.5496481219102,-6.26640250716926e-08+2.9712875993374e-06i
94.08032913989,-5.87371214246805e-08+2.92417899243151e-06i
94.6140205630237,-5.50860473566036e-08+2.88033599401234e-06i
95.1507394684986,-5.1679841778078e-08+2.83954743266972e-06i
95.6905030303761,-4.84914174693885e-08+2.80162634805354e-06i
96.2333285201416,-4.54970029704383e-08+2.76640771192756e-06i
96.7792333072564,-4.2675605429535e-08+2.73374558476402e-06i
97.3282348597142,-4.0008568740595e-08+2.70351079302675e-06i
97.8803507445995,-3.74792603184478e-08+2.6755896183667e-06i
98.43559862865,-3.50727419417396e-08+2.64988193169136e-06i
98.9939962788222,-3.27755311033683e-08+2.62630007631676e-06i
99.5555615628591,-3.05753686980806e-08+2.60476762582627e-06i
100.120312449863,-2.84610723192181e-08+2.58521886128694e-06i
100.688267010869,-2.64222850796633e-08+2.56759718869092e-06i
101.259443419425,-2.44495122390902e-08+2.55185607936607e-06i
101.833859952172,-2.25337337517848e-08+2.53795635586903e-06i
102.411534989429,-2.06665767405633e-08+2.52586807651499e-06i
102.992487015783,-1.88399460356829e-08+2.51556829576506e-06i
103.576734620676,-1.70462199058664e-08+2.50704266685845e-06i
104.164296499005,-1.52778175813684e-08+2.50028344958254e-06i
104.755191451717,-1.3527484398279e-08+2.49529123226471e-06i
105.349438386412,-1.17878767730735e-08+2.49207364141207e-06i
105.947056317948,-1.00517200631738e-08+2.4906463098713e-06i
106.548064369047,-8.31163556913346e-09+2.49103271614863e-06i
107.152481770911,-6.55996816428948e-09+2.49326466378834e-06i
107.760327863835,-4.78886828184873e-09+2.49738266910265e-06i
108.371622097824,-2.99010673559234e-09+2.50343637947368e-06i
108.986384033219,-1.15490703821326e-09+2.51148552418393e-06i
109.604633341323,7.26088782432925e-10+2.52160049925337e-06i
110.226389805025,2.66298675544484e-09+2.53386338132293e-06i
110.85167331944,4.66676591947581e-09+2.54836882388151e-06i
111.480503892542,6.74955620868752e-09+2.56522609242169e-06i
112.112901645802,8.92475831579651e-09+2.5845600677547e-06i
112.748886814838,1.1207326333549e-08+2.60651333205885e-06i
113.388479750057,1.36140287738709e-08+2.63124801821553e-06i
114.031700917309,1.6163919179038e-08+2.65894962429825e-06i
114.67857089854,1.88786615919654e-08+2.68982914741391e-06i
115.329110392452,2.17830929274756e-08+2.72412721348889e-06i
115.983340215166,2.49058686773386e-08+2.76211863471016e-06i
116.641281300886,2.82802592920499e-08+2.80411789209289e-06i
117.302954702571,3.19451398262944e-08+2.85048576827378e-06i
117.968381592606,3.59462915296387e-08+2.90163821173273e-06i
118.637583263481,4.03377889685412e-08+2.95805393910192e-06i
119.310581128475,4.51842326389876e-08+3.02028966688306e-06i
119.987396722335,5.05631234026638e-08+3.08899283839357e-06i
120.668051701971,5.65681402150055e-08+3.1649200004515e-06i
121.352567847145,6.33138395003587e-08+3.24896506122864e-06i
122.040967061172,7.09408706213328e-08+3.34218273745009e-06i
122.733271371615,7.96240102126343e-08+3.44583157087035e-06i
123.429502930997,8.95826672226039e-08+3.56142478147462e-06i
124.129684017502,1.01095005398451e-07+3.69079322713885e-06i
124.833837035695,1.14518322307507e-07+3.83617648558489e-06i
125.541984517234,1.30316778653461e-07+4.00033253126149e-06i
126.254149121595,1.49104387591852e-07+4.18671743530742e-06i
126.970353636792,1.71703804106686e-07+4.39968767612507e-06i
127.690620980111,1.99240999163635e-07+4.64484373510172e-06i
128.414974198842,2.33286575928707e-07+4.92947535355609e-06i
129.143436471013,2.76087689296956e-07+5.26327488731353e-06i
129.876031106137,3.30944302406173e-07+5.65936684845378e-06i
130.612781545954,4.0286828165313e-07+6.1360174526511e-06i
131.353711365184,4.99760093567462e-07+6.71934772701214e-06i
132.098844272278,6.34659188171607e-07+7.44803215576834e-06i
132.84820411018,8.30328839729184e-07+8.38175926475041e-06i
133.601814857086,1.1293854534921e-06+9.61738139157854e-06i
134.359700627217,1.61916171115501e-06+1.13222088354635e-05i
135.121885671584,2.50151250501185e-06+1.3808383945785e-05i
135.888394378769,4.32829151995975e-06+1.77132313550275e-05i
136.659251275703,9.02753415710996e-06+2.44171450715653e-05i
137.434481028453,2.59821140079588e-05+3.51275810390817e-05i
138.214108443007,7.19699804067231e-05+2.10030899344725e-06i
138.998158466072,2.71057192115601e-05-3.43915307083608e-05i
139.786656185871,9.29472449780349e-06-2.36768809465215e-05i
140.579626832944,4.41850087200515e-06-1.68448239092117e-05i
141.377095780959,2.53990241368877e-06-1.28781867327688e-05i
142.17908854752,1.63733364251495e-06-1.03625701332859e-05i
142.985630794985,1.13783324469764e-06-8.64419788597104e-06i
143.796748331289,8.33243916556348e-07-7.40396232760633e-06i
144.612467110768,6.33922741202365e-07-6.47141784289488e-06i
145.432813234987,4.96257841635432e-07-5.74820851542858e-06i
146.257812953582,3.96997068374969e-07-5.17394006834253e-06i
147.087492665093,3.22828873589454e-07-4.70967776470679e-06i
147.921878917812,2.65675522642177e-07-4.3293063356881e-06i
148.760998410632,2.20390693584606e-07-4.01477747569679e-06i
149.604877993903,1.83548641068478e-07-3.7533328327746e-06i
150.453544670287,1.52772149704019e-07-3.53584093466914e-06i
151.307025595627,1.26335263105838e-07-3.3557515961941e-06i
152.165348079812,1.02919147551878e-07-3.20846706808262e-06i
153.028539587652,8.14431816512892e-08-3.09092869990245e-06i
153.896627739758,6.09413316221557e-08-3.00141759823433e-06i
154.769640313426,4.0449727673151e-08-2.9394937359483e-06i
155.647605243522,1.88807814115147e-08-2.9060888847386e-06i
156.530550623382,-5.14774660840922e-09-2.90379894409425e-06i
157.418504705705,-3.3592503830725e-08-2.93746396514418e-06i
158.311495903462,-6.94892509810191e-08-3.01525406982396e-06i
159.2095527908,-1.17958542824952e-07-3.15068685548385e-06i
160.112704103962,-1.88416548484895e-07-3.36658219382109e-06i
161.020978742202,-2.9995922966488e-07-3.70328518322923e-06i
161.934405768712,-4.96446168201994e-07-4.23739551449211e-06i
162.85301441155,-8.97382624165856e-07-5.12898887258555e-06i
163.77683406458,-1.9218928085401e-06-6.74751591660677e-06i
164.705894288405,-5.71233031929423e-06-9.72659660962009e-06i
165.64022481132,-1.94123451300344e-05-2.91194533325342e-06i
166.579855530259,-7.08625576124862e-06+8.84240167899033e-06i
167.524816511753,-2.22850263329316e-06+5.72835893646823e-06i
168.475137992893,-1.00891549844482e-06+3.92414372094776e-06i
169.430850382296,-5.56063125171394e-07+2.93453412976641e-06i
170.391984261078,-3.42762207427857e-07+2.33678134444939e-06i
171.358570383833,-2.261764235389e-07+1.9489322477856e-06i
172.330639679618,-1.55651353654025e-07+1.68515349666221e-06i
173.308223252943,-1.09692141226227e-07+1.50057148260437e-06i
174.291352384763,-7.79427310131875e-08+1.36972933382599e-06i
175.280058533482,-5.49166370415349e-08+1.27725682998139e-06i
176.274373335959,-3.7481216282405e-08+1.21342994032492e-06i
177.27432860852,-2.37323563491052e-08+1.17188999095912e-06i
178.279956347975,-1.24471506938333e-08+1.14840386688996e-06i
179.291288732644,-2.79568637895836e-09+1.14015048537146e-06i
180.308358123387,5.81991253534636e-09+1.14530347472388e-06i
181.331197064636,1.38621761376398e-08+1.1627845767904e-06i
182.359838285438,2.17222345379664e-08+1.19212546014551e-06i
183.394314700506,2.97679421402089e-08+1.23340708733049e-06i
184.434659411265,3.83879525471756e-08+1.28726496612475e-06i
185.480905706917,4.80412328024314e-08+1.35495794693803e-06i
186.533087065505,5.93261934297733e-08+1.43852588467545e-06i
187.591237154983,7.30899803001784e-08+1.54107352048007e-06i
188.655389834294,9.06196940638349e-08+1.66726385570197e-06i
189.725579154453,1.14006387555179e-07+1.824198536554e-06i
190.801839359636,1.46893443456983e-07+2.02304138880147e-06i
191.884204888278,1.96165523725658e-07+2.28222044684656e-06i
192.972710374174,2.76218236518252e-07+2.63426807877242e-06i
194.067390647587,4.21477990402821e-07+3.14194717472973e-06i
195.168280736359,7.31604675830005e-07+3.94115573340552e-06i
196.275415867039,1.59286296295401e-06+5.36230123933068e-06i
197.388831466006,5.32404591888945e-06+7.8192101116913e-06i
198.5085631606,1.3036526268316e-05-2.30887160941673e-06i
199.634646780268,3.30887663549809e-06-4.59831584137006e-06i
200.767118357706,1.2157481732501e-06-2.39400506187601e-06i
201.906014130014,6.56282924446528e-07-1.16509366925593e-06i
203.051370539854,4.4872069285088e-07-3.71483142431376e-07i
204.203224236619,3.63333795642789e-07+2.34834658300479e-07i
205.361612077602,3.35857063893605e-07+7.67038561580692e-07i
206.526571129178,3.459045950717e-07+1.29080377440892e-06i
207.698138667988,3.90293203082627e-07+1.85801688393364e-06i
208.876352182134,4.778075397806e-07+2.52533697162689e-06i
210.061249372377,6.33825007616334e-07+3.37323326016654e-06i
211.252868153346,9.19843590186787e-07+4.53953294153753e-06i
212.451246654745,1.49998405736159e-06+6.29893394602861e-06i
213.656423222581,2.91883793780831e-06+9.28574160353738e-06i
214.868436420385,7.78587438159993e-06+1.50500701745295e-05i
216.08732503045,3.32353067323724e-05+1.63270807289783e-05i
217.313128055067,2.02449516567414e-05-2.26821852625181e-05i
218.545884717779,5.36377786912629e-06-1.54995457665827e-05i
219.785634464632,2.26756830696929e-06-1.09158947866275e-05i
221.032416965439,1.22913426843537e-06-8.47985933883535e-06i
222.286272115048,7.65630766663892e-07-7.01262689974656e-06i
223.547240034619,5.20098324072524e-07-6.04241118898428e-06i
224.815361072911,3.74466170708697e-07-5.35796674946701e-06i
226.090675807566,2.80856517222567e-07-4.85248676636543e-06i
227.373225046415,2.16933725541829e-07-4.46662208097164e-06i
228.663049828778,1.71150964043189e-07-4.16490098166058e-06i
229.960191426781,1.37051491524151e-07-3.92489102941436e-06i
231.264691346676,1.10792911544847e-07-3.73176407637725e-06i
232.576591330166,8.99682202518371e-08-3.5753673688747e-06i
233.895933355745,7.30024881176472e-08-3.44855774869968e-06i
235.222759640039,5.88246563807791e-08-3.34620720504926e-06i
236.557112639156,4.66800403564997e-08-3.26458949095488e-06i
237.899035050046,3.60173334462854e-08-3.20098355774389e-06i
239.248569811869,2.64189423658476e-08-3.15342138336461e-06i
240.605760107364,1.75544873447597e-08-3.12051568877378e-06i
241.970649364234,9.14981845950713e-09-3.10135302372284e-06i
243.343281256537,9.63853090586691e-10-3.09542483763195e-06i
244.72369970608,-7.22983741713196e-09-3.10259164806173e-06i
246.111948883828,-1.56593425492742e-08-3.12307423767011e-06i
247.508073211313,-2.45712707822593e-08-3.15747056671701e-06i
248.91211736206,-3.42504552559428e-08-3.20680219554149e-06i
250.324126263013,-4.50450380124835e-08-3.27259371581913e-06i
251.744145095976,-5.74026291187451e-08-3.35700306251885e-06i
253.172219299055,-7.19237986731763e-08-3.46301888091206e-06i
254.608394568114,-8.94468687151496e-08-3.59476720203321e-06i
256.052716858237,-1.11187491314683e-07-3.75798966347748e-06i
257.505232385198,-1.3897851025124e-07-3.9608029951621e-06i
258.965987626941,-1.75708309743038e-07-4.21498224603871e-06i
260.435029325066,-2.26160109764353e-07-4.53815939680008e-06i
261.912404486326,-2.98750012467798e-07-4.95788916291618e-06i
263.398160384127,-4.09441321565642e-07-5.51961600339284e-06i
264.892344560047,-5.91597277510279e-07-6.30365871145061e-06i
266.395004825353,-9.24751070620241e-07-7.46551329548433e-06i
267.906189262533,-1.63776321168249e-06-9.34417271490049e-06i
269.425946226832,-3.6114388109158e-06-1.27859561386224e-05i
270.9543243478,-1.22254945731873e-05-1.9348303489693e-05i
272.491372530852,-3.6000011988377e-05+5.16251637333409e-06i
274.037139958827,-8.64580442294787e-06+1.37398076720727e-05i
275.591676093566,-2.94218210755036e-06+7.88106399210015e-06i
277.155030677493,-1.46894079192542e-06+4.8616603227707e-06i
278.727253735205,-9.1410081205951e-07+3.08131899664582e-06i
280.308395575078,-6.66032159744402e-07+1.85701085249156e-06i
281.89850679087,-5.56972315717366e-07+8.93506537976011e-07i
283.497638263346,-5.34489352562144e-07+2.92474497656904e-08i
285.105841161902,-5.94424923486859e-07-8.59842031262e-07i
286.723166946202,-7.79947849991027e-07-1.92128640005188e-06i
288.34966736783,-1.25054819022116e-06-3.4178283649646e-06i
289.985394471939,-2.66640262563724e-06-5.9662916919065e-06i
291.630400598922,-9.26975811837706e-06-1.04421363431406e-05i
293.284738386084,-2.17753320860472e-05+8.73442616683191e-06i
294.948460769324,-5.01658362933358e-06+1.08959916554241e-05i
296.621620984835,-1.78898940394374e-06+7.26868156596451e-06i
298.304272570803,-9.01643759428101e-07+5.40711494563766e-06i
299.99646936912,-5.45278427623334e-07+4.32412428316203e-06i
301.69826552711,-3.67595949576261e-07+3.6173541999294e-06i
303.409715499258,-2.66057334071597e-07+3.11807771530296e-06i
305.130874048954,-2.02357119276358e-07+2.74518369249559e-06i
306.861796250248,-1.59598816733274e-07+2.45513263776178e-06i
308.602537489605,-1.29393661826154e-07+2.22250322368507e-06i
310.353153467687,-1.07188705314624e-07+2.0314363772521e-06i
312.113700201127,-9.03362469138836e-08+1.87151074276329e-06i
313.884234024326,-7.72091159212123e-08+1.73558534765663e-06i
315.664811591253,-6.67604951494781e-08+1.61858944622346e-06i
317.455489877262,-5.82912040742674e-08+1.51681859850495e-06i
319.256326180909,-5.13189087329219e-08+1.42749719558567e-06i
321.067378125791,-4.55016712985013e-08+1.34850188464014e-06i
322.888703662386,-4.05911938288174e-08+1.27817743265201e-06i
324.72036106991,-3.64033981562103e-08+1.21521274113453e-06i
326.56240895818,-3.27993586853112e-08+1.15855547499689e-06i
328.41490626949,-2.96724623977182e-08+1.10734951744303e-06i
330.277912280499,-2.69397395082407e-08+1.06089109080117e-06i
332.151486604123,-2.45357357523917e-08+1.01859493692412e-06i
334.035689191447,-2.24083006794584e-08+9.79971380852281e-07i
335.930580333643,-2.05153824581049e-08+9.44605962873201e-07i
337.836220663895,-1.88228020320846e-08+9.1214592764467e-07i
339.752671159345,-1.73025480095353e-08+8.82288722409194e-07i
341.679993143039,-1.59315065338805e-08+8.54773100861873e-07i
343.618248285893,-1.46904920772242e-08+8.29371890690897e-07i
345.567498608665,-1.35635309566682e-08+8.05886647749985e-07i
347.527806483938,-1.2537270624009e-08+7.84142433057405e-07i
349.499234638118,-1.16005690005954e-08+7.63984406359722e-07i
351.481846153442,-1.07441336558541e-08+7.45273927347156e-07i
353.475704469991,-9.96031807527112e-09+7.27886737797352e-07i
355.480873387728,-9.24288932965216e-09+7.11709376239563e-07i
357.497417068533,-8.58694621951915e-09+6.96637814627334e-07i
359.525400038259,-7.9888446355056e-09+6.82575191295261e-07i
361.564887188796,-7.44617821163268e-09+6.69429570800628e-07i
363.615943780148,-6.95784862324374e-09+6.57112373091886e-07i
365.678635442521,-6.52417046887986e-09+6.45535825216708e-07i
367.753028178421,-6.1471017876967e-09+6.34611152731447e-07i
369.83918836477,-5.83054728212867e-09+6.24245340948852e-07i
371.937182755027,-5.58084639103317e-09+6.14338166852947e-07i
374.047078481324,-5.40745651773199e-09+6.04777847686323e-07i
376.168943056615,-5.32395250203776e-09+5.95435898426771e-07i
378.302844376837,-5.34946313739912e-09+5.86159714728915e-07i
380.448850723082,-5.51078473271029e-09+5.76763035340139e-07i
382.60703076378,-5.84550895145625e-09+5.67012436519559e-07i
384.777453556898,-6.40674989537167e-09+5.56608092278706e-07i
386.96018855215,-7.27043054718997e-09+5.45156015156727e-07i
389.15530559322,-8.54676048890278e-09+5.32127110510064e-07i
391.362874919995,-1.03988602858808e-08+5.16794756965002e-07i
393.582967170811,-1.30739799038401e-08+4.98137290265957e-07i
395.81565338472,-1.69575133705013e-08+4.74682596125069e-07i
398.061005003753,-2.26712513486518e-08+4.44247102951364e-07i
400.319093875217,-3.12603359601366e-08+4.03486217409948e-07i
402.589992253986,-4.45736580695408e-08+3.47071309019633e-07i
404.873772804817,-6.60967073627295e-08+2.66104494710677e-07i
407.170508604672,-1.02964352275034e-07+1.4482311211854e-07i
409.480273145059,-1.71478652529437e-07-4.68682927620737e-08i
411.803140334384,-3.15097794275268e-07-3.72217084021676e-07i
414.139184500313,-6.79578122874575e-07-9.79726988395277e-07i
416.488480392154,-1.9649780544166e-06-2.20484126515585e-06i
418.851103183246,-8.13365229018647e-06-1.57464043754922e-06i
421.227128473363,-4.38749009482524e-06+7.13711739942344e-06i
423.61663229114,-1.01037790654146e-06+5.8982181259263e-06i
426.019691096497,-1.22905147501948e-07+5.34880824505118e-06i
428.436381783093,4.55373893146838e-07+5.56569373018965e-06i
430.866781680782,1.44728348269141e-06+6.61103240124427e-06i
433.310968558087,5.05811478585478e-06+8.78946632682302e-06i
435.769020624691,1.42184423550539e-05-1.51644148471502e-07i
438.241016533942,4.02155292129648e-06-4.89494148620752e-06i
440.727035385362,1.37354915054493e-06-2.68180092189007e-06i
443.227156727184,6.96926919023229e-07-1.45945809095286e-06i
445.741460558897,5.40850511551072e-07-7.54589577993196e-07i
448.270027333803,3.92654819209575e-07-4.75200146626435e-07i
450.812937961594,2.5429652567582e-07-9.91004235780122e-08i
453.370273810941,2.15132018861329e-07+2.22558869867819e-07i
455.942116712095,2.13567717838969e-07+5.21174006375449e-07i
458.528548959508,2.42487579592299e-07+8.368147788308e-07i
461.129653314466,3.13564439495211e-07+1.21476077341691e-06i
463.745513007735,4.66498747678453e-07+1.72750064687994e-06i
466.376211742227,8.26759039468954e-07+2.52226991876547e-06i
469.021833695678,1.9032236029331e-06+3.93184856165681e-06i
471.68246352334,6.65500358606689e-06+5.79306232934792e-06i
474.358186360689,1.13635835095303e-05-6.7100788041656e-06i
477.049087826154,9.43782121778746e-09-7.37946287813808e-06i
479.755254023851,-5.27760792646737e-07-2.2963323099863e-06i
482.476771546341,1.09894917028745e-07-1.75132574402727e-06i
485.213727477401,1.52958673237934e-07-1.492686291495e-06i
487.96620939481,1.30030701292671e-07-1.28434771132595e-06i
490.73430537315,1.04901637907452e-07-1.11808374695573e-06i
493.518103986627,8.49925760953335e-08-9.84634605140353e-07i
496.317694311903,6.99837024894842e-08-8.75784175511078e-07i
499.133165930948,5.86912230774294e-08-7.85342330493096e-07i
501.964608933904,5.01207071373554e-08-7.08812270952124e-07i
504.812113921969,4.35575437703382e-08-6.42913750282889e-07i
507.675772010298,3.85072135439036e-08-5.85209111800463e-07i
510.555674830917,3.46312713509571e-08-5.33839087736495e-07i
513.451914535652,3.17008106416375e-08-4.87339004434506e-07i
516.364583799082,2.95662071064011e-08-4.44510411197034e-07i
519.293775821506,2.81388133175474e-08-4.04325676569041e-07i
522.239584331918,2.73817024906179e-08-3.658530357741e-07i
525.202103591012,2.73079872912915e-08-3.28188620020326e-07i
528.181428394197,2.79871520528576e-08-2.90389301299583e-07i
531.17765407463,2.95618176707166e-08-2.51391648241106e-07i
534.190876506264,3.22812176733549e-08-2.09902081092811e-07i
537.221192106922,3.65645382783636e-08-1.64234103771518e-07i
540.268697841376,4.31234070778908e-08-1.12039600414327e-07i
543.333491224452,5.3210205200709e-08-4.98425737060079e-08i
546.415670324151,6.91607698818788e-08+2.78384263653069e-08i
549.515333764786,9.56997364018613e-08+1.3025841815121e-07i
552.632580730138,1.43509599795103e-07+2.74324771542974e-07i
555.767510966632,2.40818121806449e-07+4.93809996434286e-07i
558.920224786523,4.81163583128353e-07+8.60968882403305e-07i
562.090823071112,1.289994563997e-06+1.47409098143119e-06i
565.27940727397,4.07164287237782e-06+4.80498545601765e-07i
568.486079424188,2.05990225755793e-06-2.67105160054117e-06i
571.710942129637,6.63091665159926e-07-2.08775474794103e-06i
574.954098580254,2.96119908696479e-07-1.64255487520653e-06i
578.215652551346,1.59614786275485e-07-1.39187408370896e-06i
581.495708406906,9.44229230436588e-08-1.24205399496009e-06i
584.794371102955,5.74334689407765e-08-1.14873269665949e-06i
588.111746190902,3.3387775345482e-08-1.09084618745486e-06i
591.447939820917,1.57187653709282e-08-1.05777844032886e-06i
594.803058745333,1.07818406423931e-09-1.0441203851232e-06i
598.177210322057,-1.25978769042608e-08-1.04745690446284e-06i
601.570502518008,-2.69393956243426e-08-1.06746210879109e-06i
604.983043912571,-4.36663480876081e-08-1.1056924175814e-06i
608.414943701074,-6.51302648534929e-08-1.16592626532821e-06i
611.866311698276,-9.52114420069935e-08-1.25520307437972e-06i
615.337258341886,-1.412736622915e-07-1.38613195813561e-06i
618.827894696095,-2.19237063541506e-07-1.58196107247422e-06i
622.33833245513,-3.69223927835865e-07-1.88818584561237e-06i
625.86868394683,-7.15508220056628e-07-2.39796699290875e-06i
629.419062136236,-1.7663289410341e-06-3.24257437310424e-06i
632.989580629209,-5.46092201734277e-06-2.77086527809359e-06i
636.580353676064,-4.22778934035225e-06+2.85751186299602e-06i
640.191496175226,-1.3738706283952e-06+2.40225679150749e-06i
643.82312367691,-5.9780125377212e-07+1.64108372615817e-06i
647.475352386809,-3.21510502923212e-07+1.19298491579773e-06i
651.148299169824,-1.94932059839134e-07+9.19400228905699e-07i
654.842081553794,-1.25810453512671e-07+7.4262132591004e-07i
658.556817733261,-8.22550614969108e-08+6.25161692498076e-07i
662.292626573257,-5.04718277628125e-08+5.48550812286512e-07i
666.049627613094,-2.27441417545869e-08+5.04359942945312e-07i
669.827941070203,7.38660970956257e-09+4.90986985692429e-07i
673.627687843973,4.90167431389143e-08+5.13788547587945e-07i
677.44898951962,1.21801594093582e-07+5.88816041978297e-07i
681.29196837208,2.83488451552055e-07+7.51774056297835e-07i
685.156747369924,7.59215056313927e-07+1.04424549672401e-06i
689.043450179284,2.33160651949033e-06+7.4616157044828e-07i
692.952201167818,1.91684236855824e-06-1.85127197553509e-06i
696.883125408686,4.76668528753835e-07-1.90977138006763e-06i
700.836348684554,-2.07166770035394e-07-1.74853960202459e-06i
704.811997491619,-9.34334859910703e-07-1.10323706620322e-06i
708.810199043653,-4.50378118905599e-07-5.17974949982068e-07i
712.831081276078,-2.11846178875144e-07-6.51077628892612e-07i
716.874772850057,-1.74872178976388e-07-8.14856636756029e-07i
720.941403156612,-2.05568037431095e-07-9.97095934835789e-07i
725.031102320765,-2.91184065563956e-07-1.23485348522141e-06i
729.1440012057,-4.73198407522387e-07-1.5816141726239e-06i
733.280231416951,-9.04318718335366e-07-2.1271139438701e-06i
737.439925306613,-2.18587571819264e-06-2.9033240485723e-06i
741.623215977581,-5.7366952285931e-06-1.61485741118227e-06i
745.830237287801,-3.91166875259579e-06+3.09966812683891e-06i
750.06112385456,-1.42313543695048e-06+2.70895105105961e-06i
754.316011058792,-6.57463990079066e-07+2.01503003346792e-06i
758.595035049406,-3.6735460133403e-07+1.57690787169973e-06i
762.898332747649,-2.31171070703785e-07+1.29621069529925e-06i
767.226041851483,-1.57160024523097e-07+1.1056359872549e-06i
771.578300839991,-1.1259533686549e-07+9.69710177514016e-07i
775.955248977812,-8.36520553782517e-08+8.69062787536472e-07i
780.35702631959,-6.37146756121066e-08+7.92459451852977e-07i
784.783773714464,-4.93032669251168e-08+7.33016307063375e-07i
789.235632810567,-3.84452731207002e-08+6.86319005157923e-07i
793.712746059567,-2.9951763256503e-08+6.494343877185e-07i
798.215256721217,-2.30667522302684e-08+6.20361729572294e-07i
802.743308867943,-1.72848905765592e-08+5.97714534255535e-07i
807.297047389454,-1.2250686015324e-08+5.80529824729343e-07i
811.876617997378,-7.69933144478674e-09+5.68151048979351e-07i
816.482167229925,-3.41964147106547e-09+5.60156133633639e-07i
821.113842456574,7.70987941261832e-10+5.56315214449738e-07i
825.771791882791,5.0451453134955e-09+5.56569237566742e-07i
830.456164554768,9.57971418259305e-09+5.61025121016483e-07i
835.167110364197,1.45635788175021e-08+5.69965490889125e-07i
839.904780053065,2.01792297233057e-08+5.83874731064799e-07i
844.669325218471,2.64599679331145e-08+6.03517263118415e-07i
849.460898317487,3.25935702445083e-08+6.30586648574295e-07i
854.279652672027,3.84268646426079e-08+6.73463095755364e-07i
859.125742473761,6.20444296665727e-08+7.3346840803213e-07i
863.999322789045,9.65748895323719e-08+8.02551169663649e-07i
868.900549563881,1.5256304333861e-07+8.96858889362157e-07i
873.829579628911,2.72424642417208e-07+1.00770162025561e-06i
878.786570704431,4.16762668053553e-07+1.02181104239445e-06i
883.771681405443,4.52752533095132e-07+1.16860937977094e-06i
888.785071246726,7.16482460037185e-07+1.51258984308994e-06i
893.826900647942,1.54280712399536e-06+1.89832166528992e-06i
898.897330938771,3.26448786922533e-06+1.05982178642311e-06i
903.996524364066,2.87993223343777e-06-1.2810918822957e-06i
909.124644089055,1.29275130567732e-06-1.67873784974019e-06i
914.281854204554,5.98169561693637e-07-1.29647933659807e-06i
919.468319732223,3.29739074293173e-07-9.93094604793912e-07i
924.68420662984,2.05426555741334e-07-7.90015317390051e-07i
929.929681796616,1.38644341826673e-07-6.50511355509818e-07i
935.204913078539,9.86147575362583e-08-5.50804666813205e-07i
940.510069273733,7.23534007596787e-08-4.77250750412206e-07i
945.845320137874,5.33140881173919e-08-4.21903359529812e-07i
951.21083638961,3.68231016719588e-08-3.79733308911669e-07i
956.606789716028,1.73935998548418e-08-3.43555830399594e-07i
962.033352778151,6.43575228311701e-09-2.99609057584908e-07i
967.490699216456,1.12616156419857e-08-2.73036419953849e-07i
972.979003656438,1.05861560806065e-08-2.58693522790956e-07i
978.498441714191,6.78846268947827e-09-2.48929650339071e-07i
984.04919000203,1.28826103499612e-09-2.43453509581584e-07i
989.631426134142,-6.22128092947709e-09-2.43097061679611e-07i
995.245328732271,-1.71801941596525e-08-2.49415391401156e-07i
1000.89107743143,-3.48413862356149e-08-2.65158657329925e-07i
1006.56885288566,-6.68052942694591e-08-2.95076881894554e-07i
1012.27883677379,-1.33148058194441e-07-3.46027028541678e-07i
1018.02121180526,-2.93862745554773e-07-4.13636326101123e-07i
1023.79616172599,-6.84799697356432e-07-3.38916536111276e-07i
1029.60387132422,-8.51050087739789e-07+3.35578000375429e-07i
1035.44452643645,-3.81304836961314e-07+6.32347330138659e-07i
1041.31831395337,-1.19773943513793e-07+6.07810062432763e-07i
1047.22542182587,1.59983254381776e-08+5.99109270611233e-07i
1053.166039071,1.35331610093247e-07+6.45028836617514e-07i
1059.14035577807,3.16890168091595e-07+7.50589863668928e-07i
1065.14856311473,7.10257132577321e-07+8.76013307268407e-07i
1071.19085333304,1.50978827468509e-06+5.687908602403e-07i
1077.26741977568,1.49056276376701e-06-6.36012400654065e-07i
1083.37845688207,7.34598459499364e-07-8.94322415414555e-07i
1089.52416019467,4.1689685154369e-07-7.62410181173793e-07i
1095.70472636518,2.8881276287857e-07-7.12404313078037e-07i
1101.92035316086,1.59033303870981e-07-6.68734874242679e-07i
1108.17123947084,8.21514026660826e-08-6.11018496407196e-07i
1114.45758531248,3.75993686131668e-08-5.73727022661869e-07i
1120.77959183781,4.67482409913397e-09-5.57665116097165e-07i
1127.13746133992,-2.75343282264568e-08-5.61087937384067e-07i
1133.53139725946,-6.92516916851775e-08-5.8490619331433e-07i
1139.96160419114,-1.38866252772506e-07-6.3204764626281e-07i
1146.42828789028,-2.82344734722977e-07-6.95852535399477e-07i
1152.93165527939,-5.92942984151175e-07-6.67743976859544e-07i
1159.47191445479,-8.19942266993287e-07-2.05959022012778e-07i
1166.04927469328,-4.92674384770113e-07+1.04974513600659e-07i
1172.66394645883,-2.57049695175082e-07+6.07796029444762e-08i
1179.3161414093,-1.63447545073491e-07-2.79599112499573e-08i
1186.00607240324,-1.32088166946964e-07-1.08852362032789e-07i
1192.73395350669,-1.35415472513756e-07-1.86063401254872e-07i
1199.5,-1.73593515908256e-07-2.68901237495988e-07i
