err [%],used f1,used f2,used f3,used f4,Mech params
3.98312974452618,f11,f02,f21,f24,positive MP
4.07447489247124,f11,f02,f20,f24,positive MP
4.09124336032329,f12,f21,f30,f32,positive MP
4.10125492189181,f12,f30,f31,f33,positive MP
4.10437500083909,f12,f21,f22,f31,positive MP
4.1141615954986,f12,f21,f22,f30,positive MP
4.12335709983812,f12,f21,f31,f33,positive MP
4.12616044774066,f12,f21,f30,f33,positive MP
4.13578245937996,f21,f30,f31,f33,positive MP
4.14228271965406,f11,f02,f20,f23,positive MP
4.14253833054615,f12,f21,f31,f32,positive MP
4.156185805331,f21,f30,f32,f33,positive MP
4.15692045566855,f12,f21,f22,f32,positive MP
4.16775599727458,f12,f22,f30,f33,positive MP
4.16976916023303,f12,f21,f30,f31,positive MP
4.18208334188616,f20,f21,f22,f31,positive MP
4.18353509486435,f12,f22,f31,f33,positive MP
4.1863863561184,f20,f21,f31,f33,positive MP
4.18816602020639,f21,f22,f31,f32,positive MP
4.19211466186452,f22,f30,f31,f33,positive MP
4.1997328840481,f21,f22,f30,f31,positive MP
4.2017100597491,f20,f22,f31,f33,positive MP
4.20405909106792,f20,f12,f31,f32,positive MP
4.2056913943701,f20,f21,f30,f31,positive MP
4.20620666620675,f20,f21,f22,f33,positive MP
4.20774694458721,f20,f22,f30,f31,positive MP
4.21072751690591,f21,f22,f31,f33,positive MP
4.22388495626563,f20,f12,f22,f30,positive MP
4.22715104440628,f20,f30,f31,f33,positive MP
4.22927262447915,f20,f12,f30,f32,positive MP
4.23756680523296,f12,f22,f30,f31,positive MP
4.24355648215904,f20,f12,f22,f31,positive MP
4.24486074007211,f21,f22,f30,f32,positive MP
4.25253259474772,f21,f22,f30,f33,positive MP
4.25617003093423,f20,f21,f30,f33,positive MP
4.26159254167677,f12,f30,f32,f33,positive MP
4.263717933028,f20,f21,f22,f30,positive MP
4.28613833151085,f21,f31,f32,f33,positive MP
4.29338081503651,f20,f22,f30,f33,positive MP
4.30017351292026,f11,f12,f30,f33,positive MP
4.31989845701272,f22,f30,f31,f32,positive MP
4.32263273544615,f11,f12,f22,f30,positive MP
4.32891948457827,f12,f22,f30,f32,positive MP
4.33169299455949,f11,f20,f12,f32,positive MP
4.33696561206028,f11,f20,f31,f32,positive MP
4.34723701178053,f02,f12,f21,f32,positive MP
4.34735445513968,f12,f30,f31,f32,positive MP
4.35395712104112,f11,f21,f30,f33,positive MP
4.3569336103549,f20,f21,f22,f32,positive MP
4.35963334525193,f11,f12,f21,f30,positive MP
4.36646891953388,f11,f12,f21,f31,positive MP
4.36783939038958,f20,f12,f30,f33,positive MP
4.36906010728092,f11,f12,f31,f33,positive MP
4.37203193706833,f12,f22,f31,f32,positive MP
4.37326117232303,f12,f31,f32,f33,positive MP
4.37397068314883,f02,f12,f21,f31,positive MP
4.37817804261887,f11,f21,f22,f31,positive MP
4.3801732362603,f20,f12,f31,f33,positive MP
4.38247098326847,f02,f21,f22,f31,positive MP
4.38320770556717,f02,f21,f22,f32,positive MP
4.3850995313572,f02,f20,f12,f31,positive MP
4.38515705959663,f11,f21,f31,f33,positive MP
4.38527614415335,f02,f20,f21,f31,positive MP
4.39900333307574,f02,f20,f31,f33,positive MP
4.40112719259256,f11,f21,f30,f31,positive MP
4.40540604956678,f02,f12,f32,f33,positive MP
4.4082760312637,f02,f12,f31,f33,positive MP
4.40887507830655,f11,f22,f30,f31,positive MP
4.41114800111274,f02,f20,f12,f30,positive MP
4.41485675639867,f02,f12,f22,f32,positive MP
4.41742101029185,f02,f20,f30,f33,positive MP
4.41769634416135,f02,f12,f22,f30,positive MP
4.41925274917703,f11,f12,f30,f31,positive MP
4.41980364128965,f02,f22,f30,f32,positive MP
4.4209569553202,f11,f12,f22,f31,positive MP
4.42297822449065,f20,f12,f21,f30,positive MP
4.42304278520844,f20,f12,f21,f31,positive MP
4.43575817669593,f02,f12,f21,f30,positive MP
4.43814868415027,f22,f31,f32,f33,positive MP
4.43831240362153,f22,f30,f32,f33,positive MP
4.43896329026745,f02,f12,f30,f33,positive MP
4.44885615083131,f11,f12,f21,f33,positive MP
4.45609107519978,f02,f21,f22,f30,positive MP
4.46094915239642,f20,f22,f31,f32,positive MP
4.46261283393406,f02,f12,f30,f32,positive MP
4.4633167472052,f02,f12,f22,f33,positive MP
4.46537200381832,f02,f20,f12,f33,positive MP
4.4659547074639,f20,f12,f21,f33,positive MP
4.47531295358031,f11,f20,f12,f22,positive MP
4.48252407559654,f11,f20,f12,f33,positive MP
4.48672209061184,f20,f22,f30,f32,positive MP
4.48995929363334,f11,f20,f30,f32,positive MP
4.49077041909474,f02,f20,f21,f33,positive MP
4.49194700700183,f02,f20,f22,f30,positive MP
4.49718123175293,f02,f20,f12,f22,positive MP
4.50013736397588,f11,f20,f21,f31,positive MP
4.50432125770577,f20,f31,f32,f33,positive MP
4.50817460311998,f02,f20,f12,f21,positive MP
4.51047691272592,f11,f21,f22,f30,positive MP
4.51126493452483,f02,f22,f32,f33,positive MP
4.51412360013523,f02,f20,f22,f33,positive MP
4.51846992735577,f11,f20,f12,f21,positive MP
4.52248386020973,f02,f20,f22,f31,positive MP
4.52254494013848,f11,f12,f30,f32,positive MP
4.52285094780126,f02,f22,f30,f33,positive MP
4.52955569902629,f11,f20,f31,f33,positive MP
4.53589473165365,f02,f12,f21,f33,positive MP
4.53960068971001,f02,f20,f21,f22,positive MP
4.54328140313628,f02,f30,f31,f32,positive MP
4.55113181179795,f11,f20,f21,f30,positive MP
4.55356449498872,f02,f12,f21,f22,positive MP
4.55933038953013,f11,f21,f31,f32,positive MP
4.56485942864044,f11,f12,f21,f22,positive MP
4.56763815659821,f02,f22,f30,f31,positive MP
4.57143790523296,f20,f30,f32,f33,positive MP
4.59650344112022,f02,f12,f31,f32,positive MP
4.60271862078056,f02,f20,f12,f32,positive MP
4.60739941385726,f11,f30,f31,f33,positive MP
4.62126311006519,f11,f21,f30,f32,positive MP
4.62653447002945,f11,f02,f12,f33,positive MP
4.62688878211074,f11,f02,f12,f30,positive MP
4.62955355400306,f11,f20,f30,f31,positive MP
4.63069528809004,f02,f21,f32,f33,positive MP
4.63761575528811,f11,f20,f22,f31,positive MP
4.64627015457043,f11,f20,f12,f30,positive MP
4.66456583582629,f11,f22,f31,f33,positive MP
4.66729189104201,f11,f20,f12,f31,positive MP
4.67531633416792,f02,f22,f31,f32,positive MP
4.675657109354,f11,f20,f30,f33,positive MP
4.68059360784648,f02,f20,f21,f30,positive MP
4.68736120095412,f02,f22,f31,f33,positive MP
4.6953019831841,f11,f12,f21,f32,positive MP
4.70371421311418,f02,f12,f30,f31,positive MP
4.71288015107493,f02,f20,f32,f33,positive MP
4.72008706240251,f02,f20,f22,f32,positive MP
4.73401592490865,f11,f12,f31,f32,positive MP
4.73488341396928,f02,f12,f22,f31,positive MP
4.75226111313989,f21,f30,f31,f32,positive MP
4.78847964777161,f11,f22,f30,f32,positive MP
4.81583665629111,f02,f30,f32,f33,positive MP
4.82557261299452,f11,f02,f21,f23,positive MP
4.83880802855837,f11,f02,f12,f31,positive MP
4.85268983923409,f11,f02,f30,f24,positive MP
4.85441675956909,f12,f22,f32,f33,positive MP
4.85535232537737,f11,f22,f30,f33,positive MP
4.8591931338543,f11,f02,f21,f22,positive MP
4.85981767686691,f11,f20,f22,f30,positive MP
4.8657045683581,f30,f31,f32,f33,positive MP
4.86912142593347,f11,f02,f12,f32,positive MP
4.87484014791216,f20,f21,f31,f32,positive MP
4.88851151641286,f02,f30,f31,f33,positive MP
4.89613945089466,f11,f02,f22,f30,positive MP
4.90368723520742,f02,f21,f22,f33,positive MP
4.91362280340863,f20,f12,f21,f22,positive MP
4.9269896886617,f02,f20,f21,f32,positive MP
4.93420447685108,f11,f02,f21,f32,positive MP
4.94800186324029,f11,f02,f30,f31,positive MP
4.95327148246644,f11,f02,f12,f21,positive MP
4.9535258814402,f11,f02,f30,f33,positive MP
4.96091733444957,f11,f02,f24,f33,positive MP
4.9874598757364,f11,f12,f22,f33,positive MP
4.99138242995536,f11,f02,f30,f32,positive MP
5.01662229211746,f02,f21,f30,f33,positive MP
5.03347579581353,f02,f12,f22,f24,positive MP
5.0443984377138,f12,f21,f31,f24,positive MP
5.06105980035664,f11,f12,f32,f33,positive MP
5.06623060029828,f11,f02,f21,f31,positive MP
5.08003700386855,f12,f30,f32,f24,positive MP
5.08406925774384,f11,f22,f31,f32,positive MP
5.08680656267685,f20,f12,f30,f31,positive MP
5.09203654218981,f12,f31,f32,f24,positive MP
5.09693103735391,f11,f02,f21,f33,positive MP
5.10042806889094,f20,f12,f22,f33,positive MP
5.10717926000262,f11,f02,f31,f33,positive MP
5.11234872301886,f11,f31,f32,f33,positive MP
5.12005481744333,f20,f21,f30,f32,positive MP
5.12036837998807,f11,f02,f32,f33,positive MP
5.13170696409599,f11,f02,f31,f32,positive MP
5.14452741729981,f12,f21,f23,f30,positive MP
5.15988806926423,f20,f12,f22,f23,positive MP
5.16160635517412,f12,f21,f23,f31,positive MP
5.1750027195477,f11,f02,f20,f32,positive MP
5.2008049449619,f11,f02,f21,f30,positive MP
5.20855675421869,f11,f30,f31,f32,positive MP
5.23636430583009,f02,f21,f31,f33,positive MP
5.24437927500115,f02,f21,f30,f32,positive MP
5.26637718143393,f11,f02,f32,f24,positive MP
5.28823434166484,f11,f12,f23,f30,positive MP
5.2952818326714,f11,f02,f20,f22,positive MP
5.30138653598925,f12,f23,f31,f33,positive MP
5.32987012413757,f12,f23,f30,f33,positive MP
5.3562393709156,f11,f12,f22,f32,positive MP
5.38911362355714,f11,f22,f32,f33,positive MP
5.40528619365474,f11,f02,f31,f24,positive MP
5.40870446834746,f11,f02,f22,f32,positive MP
5.40891739991699,f12,f21,f30,f24,positive MP
5.43955462845237,f20,f12,f23,f33,positive MP
5.44969987085346,f11,f02,f20,f31,positive MP
5.46189112937909,f11,f21,f32,f33,positive MP
5.48464087082811,f11,f02,f22,f33,positive MP
5.50598910969457,f11,f02,f20,f12,positive MP
5.51480636229987,f11,f21,f22,f33,positive MP
5.52687437498067,f02,f20,f12,f24,positive MP
5.54711955317581,f02,f12,f23,f33,positive MP
5.56120143006875,f11,f02,f20,f33,positive MP
5.56604125731056,f11,f02,f20,f30,positive MP
5.61635102925162,f20,f30,f31,f32,positive MP
5.62585860757309,f02,f12,f32,f24,positive MP
5.63188152370795,f02,f12,f21,f24,positive MP
5.66424171592184,f11,f02,f22,f31,positive MP
5.70074267570196,f02,f31,f32,f33,positive MP
5.70215516848446,f02,f20,f30,f32,positive MP
5.73013971692112,f20,f21,f32,f33,positive MP
5.73886082775779,f11,f12,f23,f31,positive MP
5.7557007002615,f11,f20,f22,f33,positive MP
5.76515823126347,f11,f20,f12,f23,positive MP
5.77046880974034,f11,f02,f20,f21,positive MP
5.77261426594359,f02,f12,f24,f33,positive MP
5.77945649637963,f02,f12,f21,f23,positive MP
5.80185321259627,f11,f20,f21,f22,positive MP
5.81199373724792,f11,f31,f32,f24,positive MP
5.82855120612719,f20,f22,f31,f24,positive MP
5.85209581924393,f11,f20,f12,f24,positive MP
5.88717569183868,f11,f20,f21,f33,positive MP
5.89937546420851,f11,f21,f22,f32,positive MP
5.90869824613016,f12,f23,f32,f33,positive MP
5.92891193132463,f20,f12,f21,f32,positive MP
5.9309467367952,f02,f22,f30,f24,positive MP
5.94967419274213,f12,f31,f24,f33,positive MP
5.95000284559078,f02,f20,f22,f24,positive MP
5.95220942560685,f02,f22,f31,f24,positive MP
5.95453031120718,f11,f20,f31,f24,positive MP
5.97515590391676,f02,f20,f31,f32,positive MP
6.03481006625507,f20,f31,f24,f33,positive MP
6.0527997843198,f12,f22,f23,f30,positive MP
6.07067429834971,f20,f12,f23,f24,positive MP
6.07576853629033,f20,f22,f23,f31,positive MP
6.10069911834189,f11,f12,f21,f24,positive MP
6.11244104953922,f22,f31,f32,f24,positive MP
6.13095880159267,f12,f21,f22,f23,positive MP
6.13518123289452,f20,f22,f30,f24,positive MP
6.19082609480607,f02,f20,f12,f23,positive MP
6.20007192243002,f12,f22,f31,f24,positive MP
6.20498750287932,f02,f12,f23,f32,positive MP
6.23171045835377,f11,f20,f30,f24,positive MP
6.23785484674639,f20,f30,f24,f33,positive MP
6.2469536035976,f11,f30,f32,f24,positive MP
6.24700125207351,f02,f20,f22,f23,positive MP
6.25589727175519,f11,f12,f24,f33,positive MP
6.27979475915411,f20,f12,f31,f24,positive MP
6.29037706318499,f22,f30,f32,f24,positive MP
6.29977776212364,f20,f12,f23,f31,positive MP
6.31814849180429,f11,f02,f23,f30,positive MP
6.31868866513674,f02,f22,f23,f31,positive MP
6.3259687208506,f11,f20,f22,f32,positive MP
6.3305948780945,f11,f21,f31,f24,positive MP
6.35857593659902,f20,f12,f32,f33,positive MP
6.36351981833468,f12,f23,f31,f32,positive MP
6.37893005195177,f02,f22,f23,f30,positive MP
6.41777849122952,f11,f02,f23,f32,positive MP
6.44130423691713,f20,f21,f31,f24,positive MP
6.44461774262902,f11,f20,f23,f31,positive MP
6.44906987598026,f20,f12,f23,f30,positive MP
6.51316595937673,f11,f23,f31,f32,positive MP
6.55208731688571,f12,f22,f23,f31,positive MP
6.55234256610874,f20,f21,f30,f24,positive MP
6.5551201233196,f20,f22,f23,f30,positive MP
6.56403439475924,f11,f02,f12,f22,positive MP
6.5932933587794,f11,f21,f30,f24,positive MP
6.62164457660271,f20,f23,f31,f33,positive MP
6.62726441432334,f11,f12,f30,f24,positive MP
6.66242108676158,f30,f32,f24,f33,positive MP
6.66562708365245,f21,f22,f30,f24,positive MP
6.68194508683479,f21,f22,f31,f24,positive MP
6.69489838113592,f12,f23,f30,f32,positive MP
6.70132759822874,f22,f23,f31,f32,positive MP
6.76341082978921,f12,f22,f30,f24,positive MP
6.78564911291456,f11,f20,f22,f24,positive MP
6.78663446215559,f02,f30,f24,f33,positive MP
6.79028341846767,f11,f12,f21,f23,positive MP
6.79300599098478,f20,f32,f24,f33,positive MP
6.80241609133753,f11,f21,f22,f24,positive MP
6.81236278079866,f02,f12,f30,f24,positive MP
6.82063625352082,f12,f30,f24,f33,positive MP
6.82332069291568,f11,f21,f24,f33,positive MP
6.82446291162972,f11,f20,f24,f33,positive MP
6.83146860223275,f02,f20,f24,f33,positive MP
6.8474683723065,f11,f20,f21,f24,positive MP
6.85086190180206,f02,f23,f30,f33,positive MP
6.87074470107753,f20,f21,f32,f24,positive MP
6.87546190311487,f20,f22,f32,f24,positive MP
6.87563283342228,f31,f32,f24,f33,positive MP
6.88047951326033,f11,f30,f32,f33,positive MP
6.89087700681824,f12,f21,f22,f33,positive MP
6.90866314086483,f20,f12,f22,f32,positive MP
6.94656318882201,f20,f21,f24,f33,positive MP
6.96039765385683,f20,f12,f21,f23,positive MP
6.98629292567527,f21,f30,f24,f33,positive MP
7.0198009432724,f11,f20,f32,f24,positive MP
7.03063539363706,f02,f20,f23,f33,positive MP
7.03900965809095,f11,f21,f23,f31,positive MP
7.05486709487249,f02,f22,f23,f32,positive MP
7.06462172936575,f21,f30,f32,f24,positive MP
7.0829695432598,f11,f12,f32,f24,positive MP
7.09023178005936,f02,f22,f32,f24,positive MP
7.11363122694372,f20,f23,f30,f33,positive MP
7.14756793304073,f11,f22,f24,f33,positive MP
7.16071603254621,f20,f30,f32,f24,positive MP
7.17233631677292,f20,f21,f22,f24,positive MP
7.19136582989012,f20,f21,f23,f31,positive MP
7.21478525673144,f21,f30,f31,f24,positive MP
7.2187324144359,f02,f12,f31,f24,positive MP
7.23491454360394,f12,f21,f23,f33,positive MP
7.24477593951309,f12,f22,f23,f32,positive MP
7.25285776730828,f11,f32,f24,f33,positive MP
7.25861802309911,f11,f21,f32,f24,positive MP
7.2621425462832,f20,f31,f32,f24,positive MP
7.33671142978836,f11,f22,f32,f24,positive MP
7.36654740176536,f11,f20,f32,f33,positive MP
7.42791267862742,f21,f31,f24,f33,positive MP
7.44561227270174,f30,f31,f32,f24,positive MP
7.44615138711316,f02,f23,f31,f33,positive MP
7.5152860005589,f22,f23,f30,f32,positive MP
7.52492759603809,f20,f22,f24,f33,positive MP
7.60417984443352,f21,f22,f23,f31,positive MP
7.62910729797916,f11,f12,f31,f24,positive MP
7.63262513235721,f20,f22,f23,f24,positive MP
7.63546530274651,f22,f30,f24,f33,positive MP
7.65182504143384,f23,f32,f24,f33,positive MP
7.66145304857875,f21,f22,f23,f24,positive MP
7.66510273289831,f02,f31,f24,f33,positive MP
7.66889140006127,f30,f31,f24,f33,positive MP
7.67227973709101,f20,f23,f31,f32,positive MP
7.68642639871094,f21,f31,f32,f24,positive MP
7.72526190965986,f02,f20,f21,f23,positive MP
7.75233845960966,f20,f21,f23,f24,positive MP
7.76558939670476,f20,f21,f23,f30,positive MP
7.78465206514143,f20,f23,f24,f33,positive MP
7.81576501470486,f02,f21,f23,f30,positive MP
7.81736163449364,f11,f02,f23,f31,positive MP
7.81765207480413,f20,f23,f30,f32,positive MP
7.84196231190471,f11,f20,f23,f30,positive MP
7.84961485331366,f11,f30,f24,f33,positive MP
7.86285366455625,f02,f20,f21,f24,positive MP
7.87338942048726,f11,f02,f23,f33,positive MP
7.87563693407563,f02,f12,f23,f30,positive MP
7.89213330346533,f11,f12,f22,f24,positive MP
7.8980898057054,f02,f21,f31,f32,positive MP
7.92110417431509,f23,f30,f32,f24,positive MP
7.93054042676181,f20,f23,f32,f24,positive MP
7.97026459927036,f11,f12,f23,f32,positive MP
7.98728077857322,f12,f23,f30,f24,positive MP
8.02130532473806,f02,f23,f30,f32,positive MP
8.023674861064,f21,f23,f30,f24,positive MP
8.04925170248637,f02,f21,f30,f24,positive MP
8.07083288334058,f22,f23,f32,f24,positive MP
8.08001400494445,f02,f21,f30,f31,positive MP
8.14720599646627,f20,f12,f30,f24,positive MP
8.15954382489407,f20,f23,f30,f24,positive MP
8.16747913061791,f20,f23,f30,f31,positive MP
8.17379844892318,f11,f23,f24,f33,positive MP
8.18940228213372,f02,f20,f23,f32,positive MP
8.20424689555332,f23,f31,f32,f24,positive MP
8.20449753648992,f11,f31,f24,f33,positive MP
8.25958911272981,f23,f30,f31,f24,positive MP
8.27066528419041,f11,f12,f23,f33,positive MP
8.28159631042744,f23,f30,f31,f32,positive MP
8.2947891970339,f21,f22,f23,f30,positive MP
8.34053987074268,f11,f20,f23,f24,positive MP
8.34708397201149,f22,f30,f31,f24,positive MP
8.40611738590311,f20,f23,f31,f24,positive MP
8.42477034898952,f11,f22,f23,f24,positive MP
8.43036917070159,f23,f31,f32,f33,positive MP
8.50134323762028,f02,f23,f31,f32,positive MP
8.52743974638067,f22,f23,f30,f24,positive MP
8.55832529544462,f23,f30,f24,f33,positive MP
8.5593793436069,f21,f23,f31,f24,positive MP
8.56582022880898,f11,f21,f23,f24,positive MP
8.57779316609585,f22,f31,f24,f33,positive MP
8.5849992024838,f21,f22,f24,f33,positive MP
8.61299953749844,f02,f21,f23,f31,positive MP
8.6195900446397,f02,f30,f32,f24,positive MP
8.6307109337344,f20,f12,f22,f24,positive MP
8.63117450881647,f11,f22,f30,f24,positive MP
8.63985985142274,f02,f21,f22,f23,positive MP
8.65138345881701,f02,f20,f32,f24,positive MP
8.65353207592142,f02,f21,f22,f24,positive MP
8.68448158466593,f02,f20,f23,f31,positive MP
8.6967832169415,f12,f21,f32,f33,positive MP
8.70308087781288,f02,f20,f23,f30,positive MP
8.80539875158467,f02,f12,f23,f31,positive MP
8.91618585679064,f20,f30,f31,f24,positive MP
8.92809980551102,f02,f23,f30,f31,positive MP
8.93879603688156,f21,f23,f24,f33,positive MP
8.94455232053617,f21,f23,f31,f32,positive MP
8.98502194311771,f21,f23,f30,f31,positive MP
9.0087472489735,f23,f30,f32,f33,positive MP
9.05667068791153,f02,f21,f31,f24,positive MP
9.09940992813881,f21,f23,f30,f32,positive MP
9.17304175188097,f11,f23,f30,f32,positive MP
9.19742566264508,f02,f20,f23,f24,positive MP
9.20697442602189,f11,f21,f23,f30,positive MP
9.23796136087821,f12,f21,f23,f24,positive MP
9.24364436783156,f21,f23,f32,f24,positive MP
9.28485714986468,f21,f22,f32,f24,positive MP
9.30550591122501,f20,f12,f32,f24,positive MP
9.32090958594305,f02,f12,f22,f23,positive MP
9.37786835037123,f11,f23,f32,f24,positive MP
9.38365166320415,f02,f23,f31,f24,positive MP
9.43976711815041,f02,f31,f32,f24,positive MP
9.46791996164658,f21,f23,f31,f33,positive MP
9.46923135311675,f11,f23,f30,f24,positive MP
9.50536829489339,f02,f23,f32,f33,positive MP
9.57070330480964,f11,f30,f31,f24,positive MP
9.57749772485087,f11,f02,f22,f24,positive MP
9.6103681848401,f02,f23,f30,f24,positive MP
9.69024888652555,f12,f23,f31,f24,positive MP
9.70595276306503,f21,f23,f30,f33,positive MP
9.75815238032548,f12,f23,f32,f24,positive MP
9.80246190287404,f02,f32,f24,f33,positive MP
9.82750655397853,f23,f31,f24,f33,positive MP
10.0104832831593,f20,f12,f24,f33,positive MP
10.1000148722245,f20,f12,f21,f24,positive MP
10.1464637707714,f22,f23,f31,f24,positive MP
10.1644507378534,f22,f32,f24,f33,positive MP
10.215545397556,f11,f22,f31,f24,positive MP
10.2908289179059,f02,f23,f32,f24,positive MP
10.3122592732669,f02,f21,f23,f32,positive MP
10.5076235566539,f02,f20,f31,f24,positive MP
10.556765351533,f02,f20,f30,f24,positive MP
10.7781354384657,f11,f22,f23,f32,negative MP
10.8560545148471,f02,f30,f31,f24,positive MP
10.9144308477266,f11,f20,f22,f23,negative MP
10.9963697710093,f11,f23,f31,f24,positive MP
11.0417193598685,f11,f21,f22,f23,negative MP
11.274830898422,f22,f23,f24,f33,positive MP
11.4097724354637,f02,f21,f23,f33,positive MP
11.4197099552032,f21,f32,f24,f33,negative MP
11.5643117754515,f02,f21,f23,f24,positive MP
11.6381203574887,f23,f30,f31,f33,positive MP
11.6538076974803,f02,f21,f32,f24,positive MP
11.6860774540851,f02,f21,f24,f33,positive MP
11.9307130603066,f11,f20,f23,f33,negative MP
12.0005686235494,f12,f21,f22,f24,positive MP
12.0924638662588,f11,f23,f32,f33,negative MP
12.1754773043969,f20,f21,f23,f32,negative MP
12.2670412952029,f11,f20,f21,f23,negative MP
12.3031668828774,f11,f21,f23,f33,negative MP
12.3777262713256,f11,f21,f23,f32,negative MP
12.4228268178355,f11,f20,f23,f32,negative MP
12.4474167570829,f11,f12,f22,f23,positive MP
12.75548285364,f11,f23,f31,f33,negative MP
13.0011733115815,f12,f22,f32,f24,positive MP
14.1221428719688,f22,f23,f30,f31,negative MP
14.1689247210056,f22,f23,f31,f33,positive MP
14.2147738131569,f22,f23,f30,f33,negative MP
14.5978499226865,f11,f02,f22,f23,negative MP
14.6792113321579,f11,f22,f23,f33,negative MP
15.2168929159971,f11,f20,f21,f32,negative MP
15.2822304041658,f12,f23,f24,f33,negative MP
15.2978897043597,f20,f21,f23,f33,negative MP
15.7033777915626,f11,f23,f30,f33,negative MP
16.3047321708582,f20,f21,f22,f23,negative MP
16.3936188011101,f20,f23,f32,f33,negative MP
16.5328307777453,f12,f21,f24,f33,negative MP
16.8191493757453,f02,f20,f30,f31,negative MP
16.8824522379888,f20,f12,f23,f32,negative MP
17.004593413211,f12,f22,f24,f33,negative MP
17.0594423902153,f02,f22,f23,f33,positive MP
17.0684443914181,f12,f32,f24,f33,negative MP
17.0979473056893,f02,f22,f24,f33,positive MP
17.9237633149217,f11,f23,f30,f31,negative MP
18.0334369541689,f20,f22,f32,f33,positive MP
18.2719130963875,f20,f22,f23,f32,negative MP
19.1419486578836,f02,f23,f24,f33,negative MP
19.2982504055757,f12,f21,f32,f24,negative MP
20.6987409607341,f11,f22,f23,f30,negative MP
21.5867162294466,f20,f22,f23,f33,negative MP
21.7169218074719,f21,f22,f32,f33,negative MP
23.5294089654315,f12,f23,f30,f31,negative MP
23.7890772040939,f12,f22,f23,f33,negative MP
26.0758851206085,f12,f30,f31,f24,negative MP
26.5460349102129,f21,f22,f23,f32,negative MP
27.2380622242972,f22,f23,f32,f33,negative MP
27.4800484237217,f12,f22,f23,f24,negative MP
27.8119734149087,f21,f23,f32,f33,negative MP
28.130588215603,f11,f12,f23,f24,negative MP
28.3183788084168,f21,f22,f23,f33,negative MP
28.5119493529428,f11,f22,f23,f31,negative MP
28.7635924896583,f02,f12,f23,f24,negative MP
30.3233991986909,f11,f02,f12,f23,negative MP
34.8859015402263,f11,f02,f23,f24,negative MP
42.1629959027095,f02,f22,f23,f24,negative MP
46.8038297273084,f12,f21,f23,f32,negative MP
63.2932794541289,f11,f02,f12,f24,negative MP
