f1,f2,f3,f4,f5,f6,f7,f8,f9,f10,f11,f12,f13,f14,f15,f16,f17,f18,f19,f20
3.10124477577468e-06-8.98347347555023e-07i,-1.39348411322746e-05-4.57267007805559e-07i,-3.08398388511984e-06-1.93384466037572e-06i,-7.64181158351493e-06+1.67767859608755e-06i,1.49618259726653e-05+5.36388787267107e-07i,5.2183694762831e-07-8.62428786814758e-07i,-6.29660548947351e-06-1.19792499429682e-07i,1.19652179797012e-07+1.18679940894947e-06i,-2.73802826774778e-06+1.11183087486414e-06i,3.85287002454029e-06+2.79588854150794e-06i,5.21834773487875e-06-1.55444326824866e-07i,1.29186838297801e-07-1.0656314829903e-06i,-4.33938375698902e-07-8.58638760565412e-07i,-2.02200891306851e-06-7.88408364436343e-08i,4.81257007797138e-08+3.35650561088045e-07i,5.91267174106102e-07+1.49956642106788e-07i,4.13126454961493e-07-7.46927621007689e-08i,1.21506379746974e-07-2.3962630061939e-07i,-1.46536254300681e-07-2.90832853379759e-08i,2.79373110896759e-07-2.8619497238448e-08i
9.15113261542228e-06-8.21049834472302e-07i,-3.09020001112424e-05-4.2583610255209e-07i,-3.51817620605662e-06-1.91064029905943e-06i,-1.22125116383318e-05+1.61656454773438e-06i,2.05454771398664e-05+5.25936859277175e-07i,6.36675734071629e-07-9.35185164113547e-07i,-6.55093366534727e-06-1.53877319232031e-07i,2.24988038877645e-07+8.88128790682081e-07i,-2.27045406633457e-06+1.08523402348552e-06i,2.97353600806869e-06+2.48796568272305e-06i,4.3025256502483e-06-8.44969125528876e-08i,4.76446748123841e-08-8.87288788641207e-07i,-6.5940847424299e-07-8.04381292232197e-07i,-1.4969021057588e-06+7.10863956351581e-09i,8.57923554232092e-08+3.1244990470693e-07i,4.52713317292623e-07+1.23846059711009e-07i,2.95981157614397e-07-6.08151430474162e-08i,7.29981535917976e-08-1.93863345154691e-07i,-3.61595555342602e-08-5.43926945049608e-08i,1.90193378523789e-07-5.76281537188385e-08i
3.07152525260982e-06-9.27179177785523e-07i,-1.3709047092767e-05-4.56495089942588e-07i,-1.74139264120804e-06-5.58603304926104e-08i,-6.87147767902598e-06+1.19823605434262e-06i,1.39008739338805e-05+5.18340775280115e-07i,3.07457442934451e-07-7.81891793663626e-07i,-5.44440214217399e-06-4.51932785035923e-09i,-2.17569963906088e-06+2.62467144739205e-06i,-9.53716125327181e-07+1.15414535253953e-07i,-1.21480794156286e-06+5.27793990127688e-07i,1.15674401455339e-06+2.17221453410616e-06i,3.60672335837395e-06+2.3971173134662e-07i,1.13211899496336e-07-8.86282727234848e-07i,-1.82146915274194e-06-1.49731324844365e-07i,4.36664079330527e-10+2.97614861007906e-07i,5.1726157583908e-07+2.23642059098218e-07i,4.48790782017751e-07-1.07310096209993e-07i,1.8791466681091e-07-2.02688211305851e-07i,-1.18259825873721e-07+1.74843745805706e-08i,8.7650346664459e-08+1.24259682172941e-07i
2.96535032641216e-06-7.91113424963342e-07i,-1.32515654616839e-05-4.03355764309539e-07i,-7.64992894905866e-06+5.48620590840553e-07i,-6.97832683497328e-06+3.31577765647559e-06i,1.36389532148325e-05+5.64930255147726e-07i,-3.54722843541552e-07-2.18486283283648e-06i,-5.48809133353861e-06-2.95925744398372e-07i,3.10867397875875e-07+5.14114592615376e-07i,-2.39777100036571e-06+1.00511721207107e-06i,4.37489544505112e-06+9.39234057512973e-07i,2.93200967435422e-06-1.66756171233277e-06i,-6.30187306301973e-07-1.12145100139007e-06i,-1.62706351703587e-06-2.97535715282891e-07i,-4.90552313639197e-07+3.60083792714619e-07i,2.98238460189677e-07+3.24901126372121e-07i,4.64976934811786e-07+1.05644145640707e-07i,2.29698029999861e-07-1.28556919041097e-08i,1.99081462394763e-07-3.6781596197958e-08i,3.06340797393496e-07-1.17810358431052e-07i,3.00450693373432e-07-1.66049967063708e-07i
3.93384440233963e-06-9.89814179363517e-07i,-1.69124349324186e-05-4.99245935731828e-07i,-5.11258649191657e-06-3.13481017086908e-06i,-9.0465453385775e-06+1.89895774813335e-06i,1.56727880633563e-05+5.3095817969823e-07i,5.38301447452708e-07-7.79055396670043e-07i,-5.86310961928253e-06-4.32517377728431e-08i,-7.28223466588046e-07+2.15535347209929e-06i,-2.35999533690894e-06+1.10318432242037e-06i,3.73637097082987e-06+2.36426546028717e-06i,4.6415649160345e-06-8.83467877157807e-08i,1.29959856852887e-06-1.98912606712911e-06i,-9.93055330677139e-08-8.3623387144299e-07i,-1.88290178404401e-06-1.54389997296068e-07i,2.9241432869704e-08+3.33156883423535e-07i,5.75043794482553e-07+2.15919585344256e-07i,4.49468574161424e-07-1.52521107292401e-07i,1.56273586416416e-07-2.29788729164809e-07i,-1.08557670209051e-07-2.4223286734881e-08i,2.02200880715196e-07-3.13548460520667e-08i
2.9989098811873e-06-8.42976254606272e-07i,-1.29023680547317e-05-4.40516092198201e-07i,-6.34101431032909e-06-1.72599788940726e-06i,-7.6211772261325e-06+1.82947185384935e-06i,1.32296837070226e-05+6.09237551566366e-07i,-3.01620326102867e-07-2.13378058165155e-06i,-5.27773783696158e-06-3.16059846428922e-07i,2.45615923623134e-07+5.64807983035191e-07i,-2.12935707060093e-06+1.11964452122843e-06i,4.49941393748509e-06+6.24910719466793e-07i,4.43981542334225e-06-1.42630693171624e-07i,-4.50131493253387e-07-1.07996033745164e-06i,-1.51877584947729e-06-3.46536300126354e-07i,-5.83334234725834e-07+4.14075837015827e-07i,2.64049898861821e-07+3.29969513672836e-07i,4.45989435117165e-07+1.11988477084481e-07i,2.39151450575418e-07-5.35496013913047e-08i,1.20070570446058e-07-6.697658698309e-08i,2.31491380410653e-07-3.71380119662737e-08i,2.66069070096957e-07-1.17612157737916e-07i
3.94414404066372e-06-8.97288131450532e-07i,-1.70916814872999e-05-4.5474167945916e-07i,-2.40444618499308e-06-9.01731005921753e-07i,-8.49365897016027e-06+1.48770771823643e-06i,1.66749064438301e-05+5.57564202369088e-07i,5.33677029070758e-07-9.21702353046657e-07i,-6.55699748746257e-06-1.3038271057794e-07i,1.32438114969168e-07+1.19397633571273e-06i,-2.47934388838938e-06+1.31182984915646e-06i,1.57653848932317e-06+2.59244065001956e-06i,4.46074127417106e-06+5.85984109065122e-09i,2.81917676426637e-07-1.25991059618368e-06i,-2.74690949967509e-07-8.57037846451146e-07i,-1.99587874468027e-06-1.23015519855958e-07i,3.31212357403862e-08+3.24626747043271e-07i,5.5797777032754e-07+1.5829863885233e-07i,3.86518469036169e-07-7.42719539493299e-08i,1.54208021549441e-07-2.19373172678195e-07i,-1.29093078491993e-07-2.93191493887595e-09i,1.98948545225973e-07+1.08697684812391e-08i
2.74787822327534e-06-1.11818874437101e-06i,-1.25228201904908e-05-5.38666114098743e-07i,-3.66506381617564e-06-2.2765448948421e-06i,-7.1883846029878e-06+1.63278222086409e-06i,1.33242914231047e-05+5.00557669898163e-07i,3.6868698202469e-07-7.93242691625012e-07i,-4.70182105278661e-06-1.61321574366691e-06i,-5.13184606439565e-06-2.77097443105928e-07i,-2.39474970777733e-06+1.0360408597274e-06i,3.75590697131458e-06+2.49837550418461e-06i,4.17796555755857e-06+2.08580540099702e-06i,4.77648826626641e-06-2.90601676137401e-10i,2.88475656092636e-08-8.36484801807885e-07i,-1.95807395875673e-06-1.51817479687403e-07i,2.12375631418302e-08+3.43072160596885e-07i,7.99749057371827e-07+2.26943604692833e-07i,7.80844341766146e-07-1.11006449094065e-07i,1.96570549248607e-07-2.43820458298557e-07i,-1.43099522064607e-07-2.34687248152745e-08i,2.32187777389436e-07-2.93079639852964e-08i
2.89023426961501e-06-9.00190812614197e-07i,-1.36781173715579e-05-4.83411124350486e-07i,-7.34986247638241e-06+7.28082231884234e-07i,-1.82894683097127e-06+1.97770725786873e-06i,1.60269086425563e-05+5.00464094260821e-07i,7.70461278254629e-07-7.37501753327779e-07i,-7.44134995016305e-06-1.17791166475457e-07i,4.12082001243126e-07+9.17708320937463e-07i,-4.19640571710998e-06+7.9401510708552e-07i,6.53753488565332e-06+5.41335086090355e-07i,1.66048370211599e-06-6.29712134723746e-07i,-5.54204761588175e-08-9.23574195725585e-07i,-2.59639582841637e-06-4.03705727191844e-07i,-9.68132065309479e-07+5.22972107407943e-07i,2.35519308645912e-07+5.25906103819687e-07i,8.78127224374562e-07+1.31575132595237e-07i,-2.67034127192273e-07+3.38568401489623e-07i,1.00075322205457e-06+2.1492250322674e-07i,5.39594022898122e-07-4.19101869999256e-07i,1.81568619715855e-07-3.41250358310232e-07i
2.67393764773124e-06-7.37305191403341e-07i,-1.21787154612415e-05-3.74013108407076e-07i,-1.70044178991151e-06-1.757265331276e-07i,-6.81001620812252e-06+1.14531383795652e-06i,1.42308691191449e-05+4.85587994225415e-07i,4.91591311825559e-07-8.75193726121798e-07i,-6.48423350673451e-06-1.34053545858463e-07i,2.44921875574e-07+8.74352905047398e-07i,-2.30755270616985e-06+1.44954858754927e-06i,3.48811405565686e-08+2.49775312526967e-06i,4.81387432595473e-06+1.47445687329068e-07i,1.21473802731878e-07-1.00698602881029e-06i,-3.23483984510693e-07-7.47062088936278e-07i,-2.2516901045232e-06-8.8307015014461e-08i,1.67524377180316e-08+2.78834975853151e-07i,6.35645127252966e-07+1.19769640188134e-07i,4.39360607237728e-07-3.71612590495282e-08i,1.56890988250486e-07-1.94157425975077e-07i,-2.22036332804705e-07+4.14142788302274e-08i,2.6370986693493e-07+6.29347312539982e-08i
6.26095700353708e-06-9.23202708055561e-07i,-2.55774334489416e-05-4.7160574352551e-07i,-3.06713566862878e-06-4.87248457738901e-07i,-1.20694219026012e-05+1.57522668833809e-06i,2.32937735152348e-05+6.38238503100403e-07i,6.71577094224163e-07-1.44278696712402e-06i,-8.75032962214578e-06-2.27503658314564e-07i,4.07656967626908e-07+8.42338902237248e-07i,-3.0555044976452e-06+1.60552028062794e-06i,1.30003141730628e-06+2.99190185228873e-06i,5.50343319772829e-06+1.04128473973447e-07i,-9.66990514365463e-09-1.02300641405486e-06i,-9.76145660469942e-07-9.0709669374578e-07i,-2.0057729400239e-06+7.52244802948676e-08i,7.68158252984397e-08+3.76667005343022e-07i,6.52064001104765e-07+1.36881029356316e-07i,4.34499874644392e-07-4.66732741051675e-08i,1.37517806226655e-07-2.56945272208572e-07i,-1.42601020268809e-07-1.97456938445861e-08i,2.68277869583784e-07-9.56990037718896e-09i
2.75126148004606e-06-9.61931487941327e-07i,-1.25340135483375e-05-4.91656357919493e-07i,-2.26081414473238e-06-9.80440116470704e-07i,-7.01277658099339e-06+1.66988218569869e-06i,1.45162740216892e-05+6.26593198264365e-07i,4.58258505189794e-07-1.22015716297057e-06i,-6.56193812981418e-06-1.93688747598351e-07i,2.3622124336093e-07+9.41323092379817e-07i,-2.89137251530292e-06+1.34084856215454e-06i,2.69461953835565e-06+3.15307021432736e-06i,5.31471392073738e-06-9.53144595031955e-08i,-7.64252466365158e-09-1.00901109021833e-06i,-1.00715224054531e-06-8.77574041124315e-07i,-1.86403968214938e-06+1.0159400034094e-07i,9.51450533941693e-08+3.91455366149579e-07i,6.46283254264265e-07+1.41635856877042e-07i,4.56138184299438e-07-6.11862715204354e-08i,4.91060514796763e-08-2.63726415024023e-07i,-1.12575145079958e-07-6.42639892581948e-08i,3.19334949635531e-07-5.10930909926953e-08i
4.81965321245007e-06-8.66138294974723e-07i,-2.17936651816701e-05-4.31977603495648e-07i,-1.22578120141358e-05-5.84203872952209e-07i,-1.24826244367717e-05+1.57319979943484e-06i,2.17933135496788e-05+5.79608683104291e-07i,5.84820710880537e-07-1.44456312285086e-06i,-8.70433960797958e-06-2.0516448887061e-07i,5.38908943720654e-07+7.08106659387557e-07i,-3.8870703307856e-06+1.10688604381163e-06i,7.26642779581124e-06+1.15804369735127e-06i,6.22463732335545e-06-2.16278887600817e-06i,-1.14110833551092e-07-9.59431094485289e-07i,-1.74867801911652e-06-5.8676508274679e-07i,-1.46128713848682e-06+2.99032234890726e-07i,1.06567859392e-07+4.12369027733521e-07i,7.33189767418647e-07+1.31613473093946e-07i,5.05127098841793e-07-8.06712512964845e-08i,-1.22239553174712e-07-1.1553574329775e-07i,-1.2592046540691e-07-5.93091121713484e-08i,3.92065616818067e-07-6.74516095234424e-08i
3.56712840216838e-06-8.51456718494533e-07i,-1.5547954522995e-05-4.4639694222233e-07i,-8.07642780053173e-06+3.46854686348234e-07i,-3.96537304535592e-06+4.6653472866281e-06i,1.58007588691989e-05+6.16072952728349e-07i,-5.46276934648281e-07-2.6319818434048e-06i,-6.21062935112008e-06-3.66153305284044e-07i,3.50370612226998e-07+5.25706066332858e-07i,-2.73024153979357e-06+1.05931932341283e-06i,4.66550156710864e-06+9.52147382652603e-07i,2.14005682200916e-06-1.66996442454388e-06i,-1.24868200018539e-06-1.25352545700166e-06i,-1.96700222781866e-06-2.74789599502741e-07i,-3.84429739919059e-07+3.9823182069318e-07i,4.33948488671971e-07+2.9669651389801e-07i,5.2036268142733e-07+1.0806407953001e-07i,2.10634595264889e-07+2.19495120189127e-07i,3.8443026398119e-07+1.42839994259358e-07i,3.85035721997446e-07-1.81357903140814e-07i,2.26513183522827e-07-3.09987861593914e-07i
3.75537904904042e-06-9.63616345722736e-07i,-1.70501082406651e-05-4.93904664500453e-07i,-8.50207927174278e-06+4.91882241170195e-07i,-2.77875165673699e-06+3.61176656160153e-06i,1.74527097720702e-05+5.77236529631715e-07i,6.07901552499812e-07-9.80848969694612e-07i,-7.06614356637273e-06-1.46213478508529e-07i,3.13402902165353e-07+1.00473342718305e-06i,-3.28602222596879e-06+1.02753462488401e-06i,5.3540516490291e-06+9.57632895925214e-07i,2.10645737283725e-06-1.63585620653686e-06i,-1.50051780209085e-08-9.69392009121658e-07i,-1.24162652255412e-06-7.87599057279809e-07i,-1.66938019606337e-06+2.02329490329379e-07i,1.14978955404046e-07+4.1014297393979e-07i,6.55212007473335e-07+1.52531301322586e-07i,4.34631136304203e-07-1.13321181796085e-07i,-6.98642610452357e-08-4.40909022489377e-08i,-2.4227604427389e-09+5.78810377363244e-08i,3.84786889445623e-07-1.08747678495739e-07i
2.58629556450313e-06-9.56309747642463e-07i,-1.18765757834061e-05-4.77721161027578e-07i,-7.20513974120445e-06+2.42538323050973e-07i,-5.79091916181712e-06+3.78907587460527e-06i,1.27861882230858e-05+5.04669945844438e-07i,4.30517142875407e-07-7.42155897825473e-07i,-5.33864233357563e-06-5.64812186004234e-08i,-3.51601040025232e-07+1.69509180675134e-06i,-2.47262101765132e-06+9.61887541706604e-07i,4.63076864288729e-06+9.4610049377721e-07i,3.5116242169483e-06-1.64839011442399e-06i,3.45123903097001e-07-1.29883762785914e-06i,-2.61310211006247e-07-8.10666044242265e-07i,-1.86655178947957e-06-1.15269168764856e-07i,4.55841808117963e-08+3.31704116447723e-07i,5.53997291864971e-07+1.85304339105295e-07i,4.18065785008157e-07-1.20167379970008e-07i,1.11119301126627e-07-2.41709174460435e-07i,-1.2059708382396e-07-5.47981284762959e-08i,2.63539335162401e-07-5.37931600187909e-08i
3.74576587836517e-06-8.64372263734902e-07i,-1.73546032242754e-05-4.31072474445301e-07i,-2.77800578926972e-06-1.32446458493582e-06i,-8.96392427031556e-06+1.60029897717598e-06i,1.90704557835432e-05+5.37448368203121e-07i,5.98697007536935e-07-9.49708615757947e-07i,-8.23966302085806e-06-1.31443042157139e-07i,4.067470989147e-07+1.01084175161406e-06i,-3.77812253779865e-06+1.16770403080972e-06i,3.00515654307543e-06+3.31522432878396e-06i,6.43303650806649e-06-2.44194368086869e-07i,3.15609338791077e-08-9.87068275365102e-07i,-6.15788919792758e-07-8.25166784069883e-07i,-2.56470096968448e-06-4.21205620766019e-08i,2.22356088525616e-08+3.3871197361415e-07i,7.69927689827517e-07+1.44718331751167e-07i,5.47800482172533e-07-5.94668516039906e-08i,1.71321538087982e-07-2.57122828978921e-07i,-2.95748321573766e-07+1.77235050190196e-09i,3.87071126049713e-07+1.58122990289141e-08i
3.25073234381344e-06-8.93293981862064e-07i,-1.42875312210145e-05-4.47639762651654e-07i,-1.80908157371105e-06+9.0080588512858e-08i,-7.32381251141996e-06+1.27278585837974e-06i,1.48017318514945e-05+5.69051388150373e-07i,3.89670984114266e-07-8.93494624416988e-07i,-6.09208080777236e-06-1.04268933603012e-07i,-1.83681293769255e-07+1.59962263866508e-06i,5.54621889612316e-07-4.74647382766432e-07i,-2.03042922509297e-06+4.10594026244202e-07i,3.84026628113997e-06+2.85200551518675e-07i,3.52934905346231e-06-8.31920676658463e-07i,3.87361863731284e-09-8.56508374259553e-07i,-1.95616359987123e-06-1.57323532249102e-07i,9.00611074766222e-09+2.98057781234521e-07i,5.0555333321436e-07+1.65049160118792e-07i,3.93485667753946e-07-5.1683438592746e-08i,1.76402530301812e-07-1.99393833425351e-07i,-1.18502801684809e-07+3.93326360401077e-08i,1.52087508525594e-08+1.49821625738156e-07i
3.50706391495844e-06-8.65683193424966e-07i,-1.48710916315268e-05-4.42532728744225e-07i,-2.01671769699509e-06-5.01912925481311e-07i,-7.38632005805722e-06+1.43607993276279e-06i,1.44510950008959e-05+5.78508754211493e-07i,4.04375291700675e-07-1.11949207060647e-06i,-5.67464855972076e-06-1.79602161554973e-07i,1.54794554235646e-07+8.8728011859876e-07i,-1.84512501541684e-06+1.36578391311026e-06i,8.83905482548376e-07+2.43450454067434e-06i,3.71688512139702e-06+9.91456953696652e-08i,1.09247523403687e-07-9.92429166676295e-07i,-5.11154675400964e-07-8.43761954614327e-07i,-1.56391210655048e-06-5.43945418571431e-08i,6.81797252790134e-08+3.18300767679601e-07i,4.59596758228366e-07+1.33395840986571e-07i,3.15863962866349e-07-5.13908778776555e-08i,1.30879352544298e-07-2.05548240992986e-07i,-6.03038851041804e-08-3.43947766338338e-08i,1.5420905566905e-07-2.40282338887442e-08i
4.15924095318181e-06-9.03627401098016e-07i,-1.83543028410281e-05-4.52882335260883e-07i,-3.75873058368225e-06-2.37075384093389e-06i,-9.0060014102629e-06+1.92636438962509e-06i,1.77891597861221e-05+5.65532208126866e-07i,5.0499836630806e-07-1.03307362388311e-06i,-6.9152323311146e-06-1.50072523674975e-07i,2.95379052134019e-07+9.59564242116521e-07i,-2.88722656581064e-06+1.13872558556572e-06i,4.85824258176887e-06+2.46581647781726e-06i,5.61113358533223e-06-3.28708944152336e-08i,2.00077649745838e-08-9.47148265755276e-07i,-7.60040360155598e-07-8.12493869661465e-07i,-1.77442111392703e-06+2.94149778325529e-08i,7.38806298384964e-08+3.52000629135796e-07i,5.6888116198905e-07+1.42741420831995e-07i,4.06088815594403e-07-6.68151311651082e-08i,8.35806028973282e-08-2.52070898236256e-07i,-1.10670380806236e-07-6.23932674049625e-08i,2.58515686062337e-07-4.52785322977201e-08i
3.53736720397056e-06-9.19477034630306e-07i,-1.59806442989249e-05-4.70103047947574e-07i,-8.19440346677581e-06+5.06127919029574e-07i,-2.24099260891868e-06+2.63239657505446e-06i,1.64206134343997e-05+4.90612063473646e-07i,6.16483258770049e-07-7.21174931368363e-07i,-6.58690121386732e-06-8.38563551693555e-08i,1.52469174042382e-07+1.2769508730873e-06i,-3.18944067346038e-06+8.57775573601051e-07i,5.0168061502545e-06+7.04187731441011e-07i,1.53827285659353e-06-1.04254266698501e-06i,5.12519315656526e-08-9.31368426134316e-07i,-9.02968975050022e-07-8.13943579789524e-07i,-1.82787671111011e-06+8.42898207779445e-08i,9.36793191187842e-08+3.74363790785799e-07i,6.2574766132162e-07+1.4784347203003e-07i,4.16207452281607e-07-1.37180353307638e-07i,-1.03398781085602e-07-7.55914377253847e-08i,3.10252409187647e-07+1.1954180359934e-07i,4.37149993980855e-07-1.23974425055224e-07i
2.81286122815147e-06-1.01951692645076e-06i,-1.32472525384316e-05-4.88817904697743e-07i,-1.86994566712121e-06-2.7485530617807e-07i,-7.22852018257665e-06+1.22862902185097e-06i,1.55079659495265e-05+5.01683880361896e-07i,2.75242906383611e-07-7.86465830159073e-07i,-6.07095264890578e-06-1.69694024334377e-06i,-6.44675678122101e-06-2.81088831732234e-07i,-2.8842003913992e-06+1.45305372503143e-06i,9.28275350582645e-07+2.53931633210098e-06i,7.01845674884287e-07+1.90428905139688e-06i,5.21844357289043e-06+1.42845094523988e-07i,1.00281588535657e-07-9.34203567295167e-07i,-2.65751077754852e-06-1.45397425881535e-07i,-1.56808531220498e-08+3.20684564335105e-07i,8.58668802989957e-07+3.56946177354526e-07i,8.0627434605043e-07-2.20796145663926e-07i,2.7606375767329e-07-2.28204369467045e-07i,-2.89762981606225e-07+4.26786146264922e-08i,1.97527389775739e-07+1.87557806463575e-07i
4.27105993717366e-06-9.33760970790701e-07i,-1.92010389316504e-05-4.73935478226247e-07i,-1.00761772655429e-05-3.07519093369333e-08i,-5.40136665426292e-06+5.5010829456205e-06i,1.93241410430843e-05+5.58070405659712e-07i,6.45870417824539e-07-9.45811982818201e-07i,-7.70311869856794e-06-1.36540247804825e-07i,3.59489257656782e-07+1.02903607981153e-06i,-3.49793277810265e-06+1.03545673354463e-06i,5.90641132345638e-06+1.1233280637376e-06i,3.06992965485464e-06-2.23103248765874e-06i,-7.31765957527783e-09-9.45656680845505e-07i,-1.06934288467915e-06-8.20421343094345e-07i,-1.91812449750945e-06+1.18447016885397e-07i,8.48707939777242e-08+3.91323646958819e-07i,6.81534223858884e-07+1.48011742552296e-07i,4.72363270072091e-07-9.55125815586402e-08i,-9.61796901806968e-08-9.01957472486246e-08i,-9.52064685583251e-08-5.56068195017242e-08i,3.84202153077459e-07-8.31596705245593e-08i
6.13764994510367e-06-1.02327296139742e-06i,-2.838599222858e-05-4.92030237387064e-07i,-4.159284723085e-06-2.00130144605562e-06i,-1.56453551407079e-05+1.51883975982849e-06i,3.19060473492874e-05+4.67781150086857e-07i,7.87377072579412e-07-7.38324105298971e-07i,-9.85603400524278e-06-5.77249850551936e-06i,-1.29632325939974e-05-5.49313318524977e-07i,-6.59886360976128e-06+1.03688030738192e-06i,4.06515071661856e-06+3.9688927790976e-06i,4.12411361522408e-06+3.50509639588901e-06i,1.06739775223046e-05-5.10832496305149e-07i,-2.5845937002494e-08-8.11061221171055e-07i,-5.18926312033119e-06-1.41604733433834e-07i,-6.39649807593174e-08+3.31608894972178e-07i,1.62050437763907e-06+5.50043289421357e-07i,1.4164201992537e-06-5.23247563710475e-07i,4.12444003776362e-07-2.43459648472539e-07i,-6.99287647155443e-07+5.73108093194123e-08i,7.79747836119196e-07+6.17651091979707e-08i
2.52123158219442e-06-9.91921860293767e-07i,-1.16353534876129e-05-4.86367568463517e-07i,-2.14556672045513e-06-1.12801879781039e-06i,-6.48703317811393e-06+1.38901988412732e-06i,1.31393620727406e-05+4.98070301733493e-07i,3.74049917915025e-07-7.49298641387731e-07i,-5.52042334553189e-06+1.39395673933748e-08i,-2.61817281525571e-06+2.69313070627159e-06i,-2.54293598559807e-06+1.10656457070511e-06i,2.27930773807769e-06+2.60305550537457e-06i,4.51706470839246e-06-1.34619761054633e-07i,4.09325905594371e-06-1.28340308448013e-06i,-2.03634055665193e-08-7.93149534774929e-07i,-2.12981208159546e-06-1.45693644966542e-07i,9.23767265804011e-09+3.18697972094796e-07i,6.42517235926532e-07+2.50046360058068e-07i,5.40046999624685e-07-1.61787550504032e-07i,1.88255111819041e-07-2.26098295886586e-07i,-1.80555505197811e-07+2.89860429768464e-09i,2.46380098187105e-07+1.17125611899256e-08i
3.1266660510984e-06-8.50420213466093e-07i,-1.45655176578879e-05-4.61121241306605e-07i,-7.13337963528851e-06+9.41825824918969e-07i,-1.94403041366517e-06+2.71617047571108e-06i,1.60885910140809e-05+6.36890261812857e-07i,-3.27883257544888e-06-3.62234137738683e-06i,-6.64193829438033e-06-4.83451466897401e-07i,4.73151467044939e-07+4.3908039749427e-07i,-3.55029299657852e-06+9.77054829376161e-07i,5.62998295562047e-06+7.02844922378928e-07i,1.45301487280375e-06-9.07976149270424e-07i,-2.69477147531127e-06-2.66442547416255e-07i,-9.76628013256201e-07+1.07746873252609e-06i,-1.9884758316077e-07+3.21922133388913e-07i,6.78035401030805e-07+8.18922991753832e-08i,5.44616416901574e-07-1.8056144860093e-07i,-1.92725041685166e-07+2.93271070192121e-07i,7.23973511696952e-07+1.50929218460355e-07i,2.62046314654449e-07-2.99170975863564e-07i,2.37746613413752e-08-3.64538254572936e-07i
3.09005779631671e-06-8.35065127082517e-07i,-1.381238035317e-05-4.39466249833037e-07i,-2.83464152449745e-06-1.60375096324226e-06i,-8.0031973400458e-06+1.7893387737363e-06i,1.61409945951535e-05+6.22886926747416e-07i,-1.91936823852963e-07-2.67468577704421e-06i,-7.28092940544445e-06-3.87445550573959e-07i,3.76326099438788e-07+5.58225898036014e-07i,-3.28488841647848e-06+1.29349156237708e-06i,3.48041966831945e-06+3.46000886631228e-06i,6.07417902708456e-06-1.85615737628949e-07i,-3.16608937727219e-07-1.20067724721257e-06i,-2.29036134295065e-06-3.98457847895639e-07i,-8.27740669137829e-07+5.00721276493187e-07i,2.10615051627132e-07+4.54812903205455e-07i,7.27386053350486e-07+1.16135546745221e-07i,4.35359335350348e-07-7.65134071887052e-08i,-7.56711966538626e-08-2.47585287799936e-08i,-1.42934739530838e-08+8.13724103165733e-08i,4.13763510124982e-07-8.33504090708525e-08i
2.96868977508867e-06-7.62683578443928e-07i,-1.38195982593827e-05-4.23739047199243e-07i,-6.51998467380799e-06+9.6883621324544e-07i,-1.70750639499732e-06+2.36996003753931e-06i,1.49421980557504e-05+5.97304799628086e-07i,-5.82578542322559e-06+1.39672891715465e-07i,-4.91164197965624e-06+2.05873366751561e-06i,4.47288269472487e-07+3.46559955398015e-07i,-3.24831906601913e-06+8.65855669873755e-07i,5.10240526840379e-06+5.95962112622216e-07i,1.24264301894619e-06-7.26451604551185e-07i,-2.46337997035453e-06-2.36232746918667e-07i,-3.39693264362934e-07+6.72890896597766e-07i,-1.25918770926566e-07+2.62904831191504e-07i,6.12958592057972e-07+6.60040194435964e-08i,3.14454618166914e-07-2.37804204026806e-07i,-1.9133169640203e-07+2.3081583176883e-07i,5.98787576926613e-07+1.24003157659013e-07i,1.92812188144286e-07-2.32084071326226e-07i,-1.28975416513232e-07-2.62163240180362e-07i
2.86967485300045e-06-8.42591538133504e-07i,-1.30256650048328e-05-4.28528907939142e-07i,-1.83876994308773e-06-2.14565838630263e-07i,-7.36546668394853e-06+1.26560053945349e-06i,1.52526476045617e-05+5.3912429733928e-07i,5.34180374032737e-07-9.13339264123033e-07i,-6.93887422133001e-06-1.36038611816741e-07i,1.98858816809923e-07+1.10057359649136e-06i,-2.5833420351143e-06+1.56823080287281e-06i,3.61252682615724e-07+2.72704448140354e-06i,5.16719299390099e-06+1.48332489946102e-07i,1.9105463629245e-07-1.20128436030138e-06i,-3.05139346513106e-07-8.31990112069103e-07i,-2.45352474745532e-06-1.09612348484038e-07i,2.19977371588555e-08+3.11981383472975e-07i,6.81979118767446e-07+1.36889300491952e-07i,4.81356051291448e-07-4.44227827612116e-08i,1.69701918715306e-07-2.18016505518844e-07i,-2.27723758273523e-07+3.65720477290681e-08i,2.96719823714586e-07+4.92678265007997e-08i
4.86956573486303e-06-9.39020489003072e-07i,-2.05148317163136e-05-4.7147327339793e-07i,-2.4521630991829e-06-4.20015993845431e-07i,-9.80955283825114e-06+1.25664899584866e-06i,1.83260804393132e-05+5.24567621780121e-07i,5.51410185648603e-07-7.84241609893728e-07i,-6.77395057296842e-06-1.58249005709758e-08i,-1.04788192628367e-06+2.65335463843289e-06i,-2.1107029806982e-06+1.4654368713076e-06i,4.40123147760745e-07+2.46220098124965e-06i,3.87583508130082e-06+1.36712898409002e-06i,4.25643318067867e-06+1.39539966595785e-07i,1.69740452000635e-08-8.50116950261303e-07i,-2.09623116278662e-06-1.56188283518472e-07i,3.879213363171e-09+3.12551512092833e-07i,5.94577248921029e-07+2.19989041991016e-07i,4.65348796426259e-07-1.34468501617997e-07i,1.76872489234255e-07-2.14979870658906e-07i,-1.38439668808488e-07+1.69510432561761e-08i,1.78727278877012e-07+8.23043946169246e-08i
3.59393410281677e-06-9.40290229617205e-07i,-1.59475376957134e-05-4.68290519606888e-07i,-2.19997219589723e-06-6.39831063446947e-07i,-7.81412847276102e-06+1.47049027187175e-06i,1.58269244273056e-05+5.65915695197765e-07i,4.44215055049282e-07-8.99257982569944e-07i,-6.28654406977959e-06-1.05412590113036e-07i,-1.9006614998174e-08+1.44887957453589e-06i,-2.31274967921008e-06+1.3867242430183e-06i,1.19944194342739e-06+2.55164762872955e-06i,4.26864238968672e-06+5.9065267318489e-08i,6.60095333418673e-07-1.61118263591242e-06i,-1.53794849329382e-07-8.43996909125528e-07i,-1.98394365343571e-06-1.44633409854834e-07i,2.22321534938162e-08+3.24160355996211e-07i,5.46614017251303e-07+1.8064606653786e-07i,4.07255416658497e-07-8.48255993195918e-08i,1.7272114291084e-07-2.22477860562227e-07i,-1.31778987853013e-07-2.6815424363811e-09i,1.63794942118954e-07+3.90723353369772e-08i
4.39280215032873e-06-8.40306012222936e-07i,-1.85762171167749e-05-4.30408816731592e-07i,-2.46306422164241e-06-5.78964151102119e-07i,-9.31144580811486e-06+1.55173259670759e-06i,1.85302737595801e-05+6.14163264472179e-07i,3.13036305507991e-07-1.92021457425438e-06i,-7.38335249199161e-06-2.86158593950672e-07i,3.56163692136771e-07+6.49767084756749e-07i,-2.6357940569651e-06+1.50843753216684e-06i,1.17782634295397e-06+2.80374741128352e-06i,4.88860108679811e-06+9.823413024153e-08i,-7.55762216123177e-08-9.64731578196213e-07i,-1.25367918210402e-06-7.32968586098354e-07i,-1.50418434481024e-06+2.23546394333554e-07i,9.38273927962376e-08+3.63874546542711e-07i,5.96408774910171e-07+1.22990786524801e-07i,3.76910964338789e-07-4.37636386524677e-08i,1.22263467002415e-07-2.36829193185626e-07i,-1.16258948650158e-07-1.94726394231772e-08i,2.35234337335285e-07-1.02075561993439e-08i
2.94176620516803e-06-9.51643586816598e-07i,-1.31620724000577e-05-4.98791590823747e-07i,-8.52283440530704e-06-6.10631209010988e-07i,-8.83959030672755e-06+1.47498304112063e-06i,1.47046358838288e-05+5.97460099714378e-07i,5.99125808214331e-07-1.02150599148779e-06i,-6.43298017095153e-06-1.66576467271824e-07i,1.74742034930089e-07+1.05251327708393e-06i,-2.87076218953923e-06+1.18049090093725e-06i,5.9803097137443e-06+9.59266237375081e-07i,6.01807696945663e-06+3.68533596834538e-07i,6.86475744443103e-08-1.05516713516414e-06i,-7.56333117608563e-07-9.92975381047423e-07i,-2.03908534885458e-06-7.41650354026536e-09i,7.26729059240309e-08+3.84536009055433e-07i,6.55686967298414e-07+1.54552567059401e-07i,4.13380085341894e-07-8.86668590822734e-08i,1.00012130233557e-07-2.60041673524575e-07i,-1.40117914134103e-07-3.39709872580635e-08i,3.22864915861949e-07-4.59895173448303e-08i
3.02003629473164e-06-8.06828663869549e-07i,-1.39374117700149e-05-4.02361694316034e-07i,-1.89572482850549e-06-1.09627475553317e-07i,-7.52993673510965e-06+1.23922919362127e-06i,1.61075389617395e-05+5.2226501878931e-07i,4.87309574792296e-07-9.08143479240289e-07i,-7.2611269983157e-06-1.26109490018523e-07i,2.70000199412652e-07+1.05323705646983e-06i,-2.25799040305723e-06+1.52001404345502e-06i,-8.30450812677847e-07+2.5123936347502e-06i,5.3511060497504e-06+1.82563496375054e-07i,2.39576487032472e-07-1.28329279087214e-06i,-2.3892064416669e-07-7.743423105773e-07i,-2.55570390240271e-06-1.15551062925544e-07i,6.65457221769264e-09+2.92454174494212e-07i,6.93870198545943e-07+1.39068487313931e-07i,5.01791765183393e-07-4.15139369385303e-08i,1.8952807443522e-07-2.07708095764257e-07i,-2.64816570471725e-07+5.37277927924729e-08i,2.42312551917612e-07+1.18810304668802e-07i
2.89971721889506e-06-9.50194695191417e-07i,-1.32474439142309e-05-4.78577854183014e-07i,-5.09826212687238e-06-2.58436970534266e-06i,-7.83901644611589e-06+1.81225520068938e-06i,1.45509303869264e-05+5.26778472316674e-07i,4.92586882055589e-07-7.97852746331313e-07i,-6.20132124095112e-06-8.49638563486363e-08i,-4.87417575743068e-08+1.50105094443828e-06i,-2.84984159447477e-06+1.03903902968238e-06i,5.81041022265771e-06+5.70737635015908e-07i,5.77753268960579e-06-6.2106204315981e-08i,1.72081506736601e-07-1.14969566597737e-06i,-3.7755564619782e-07-8.4837271276647e-07i,-2.10226586298648e-06-9.1931228994257e-08i,4.83224698612455e-08+3.42762162182035e-07i,6.07098975984575e-07+1.63067204392337e-07i,4.48462365720025e-07-8.89925878614492e-08i,8.95681934004472e-08-2.5621939144988e-07i,-1.47160035538172e-07-5.64004351942308e-08i,3.13254040009622e-07-4.70519787997686e-08i
3.9768757420991e-06-8.32146683740933e-07i,-1.73764760125971e-05-4.60808996325293e-07i,-8.64887071133344e-06+8.45670490429306e-07i,-2.23694249247042e-06+2.75368078339474e-06i,1.79262754102547e-05+6.15191947121153e-07i,-1.25328042913958e-06-3.38253075387427e-06i,-6.97334077676289e-06-4.69562261298867e-07i,4.36804427250602e-07+4.49906858586803e-07i,-3.36457405386786e-06+9.60780351693111e-07i,5.33057477890993e-06+6.97622615819698e-07i,1.3953253279003e-06-9.28379946234124e-07i,-2.49834324043626e-06-2.55544046358724e-07i,-1.41173334065753e-06+1.02484104456025e-06i,-1.88602137316121e-07+3.31143565842033e-07i,6.1247647710015e-07+8.35664197949013e-08i,5.37267407149552e-07-1.12899766155381e-07i,-1.43104836449459e-07+2.6887900765859e-07i,6.36532056554117e-07+1.39662952056095e-07i,2.69591291086788e-07-2.90190000782705e-07i,2.57698358053213e-08-3.41399775114328e-07i
3.45972162602039e-06-8.436429006911e-07i,-1.53021575469595e-05-4.55952555226748e-07i,-9.55013753404323e-06-1.97608709690029e-06i,-1.0502380965102e-05+1.78124525433399e-06i,1.7742271348003e-05+6.01277425668283e-07i,6.41564429254144e-07-1.67303506019816e-06i,-7.98416187244116e-06-2.7845669158072e-07i,3.99346939693516e-07+6.35338743825815e-07i,-3.68943486010253e-06+1.16689981939752e-06i,7.5590479079934e-06+7.4869934597163e-07i,7.45008524426309e-06-4.96817244018179e-07i,-1.63121069100606e-07-1.06403788853438e-06i,-2.41293588455296e-06-4.63564978172652e-07i,-1.03954188017649e-06+5.68550510288716e-07i,1.73221206026668e-07+4.67883739077283e-07i,8.12378743417877e-07+1.20717489134786e-07i,4.59434940406591e-07-9.00292359403089e-08i,-1.34947407601644e-07-2.59163632389548e-09i,8.89901670795316e-10+1.70975694153772e-07i,4.94614680169841e-07-8.58274116893759e-08i
3.83887770272422e-06-9.07821549455832e-07i,-1.68098610615529e-05-4.72876651504592e-07i,-9.48552441704399e-06+1.1002559306108e-07i,-6.72487399429302e-06+5.28441774487382e-06i,1.69453596586278e-05+5.9045876323726e-07i,5.51961575549596e-07-1.198898507887e-06i,-6.76214351856166e-06-1.93587960465914e-07i,3.10937234344325e-07+8.05679440144785e-07i,-2.92650926390161e-06+1.09030656180637e-06i,5.35712534011431e-06+1.09128312603499e-06i,3.75640206319629e-06-2.02276612682152e-06i,-7.38466952419559e-08-9.5400256140939e-07i,-1.42766689504746e-06-6.54517098496323e-07i,-1.31176636642255e-06+3.19403612273985e-07i,1.46125097862145e-07+3.95741287953775e-07i,5.91112351076836e-07+1.3392930697372e-07i,3.7238083166911e-07-8.85857868509123e-08i,-2.33090149523584e-08-5.20421263571259e-08i,-2.31978013482234e-09-5.55922402734355e-09i,3.25712292674874e-07-9.88042240656149e-08i
3.40848897227283e-06-8.63747053946119e-07i,-1.55457042766673e-05-4.42805112381762e-07i,-8.53723718877839e-06+9.5838293679291e-08i,-3.82487456046134e-06+4.40579952832797e-06i,1.6795212933152e-05+4.99010726176631e-07i,6.31530468980821e-07-7.91012195077069e-07i,-7.09561080540538e-06-1.09782695608707e-07i,2.83562230870052e-07+1.06434363445288e-06i,-3.3808137280695e-06+9.23766394296005e-07i,5.60226345572544e-06+9.77132360125956e-07i,2.45704883685202e-06-1.90416696466674e-06i,1.53229846621345e-08-8.91623774944316e-07i,-8.76010041997211e-07-8.16336185201275e-07i,-2.04152821829794e-06+5.98033986531361e-08i,6.21475818632489e-08+3.6127729449613e-07i,6.89090026133152e-07+1.39606150427209e-07i,4.72678753642977e-07-9.56649203535634e-08i,-1.23090034983451e-07-4.6365144478695e-08i,-1.22047695675827e-07-3.67722731824568e-08i,4.11731371332556e-07-7.59292393641886e-08i
3.53932483528659e-06-9.41805550354769e-07i,-1.56987802396625e-05-4.75567256577382e-07i,-9.82972672497543e-06+5.58861114136517e-07i,-9.60631658670716e-06+2.41940744442595e-06i,1.57657419343336e-05+5.04012060162508e-07i,5.5106829586724e-07-7.41884338483047e-07i,-6.22428530261883e-06-6.08900890008628e-08i,-1.96688290727383e-07+1.71844272277289e-06i,-2.75487101181162e-06+9.76775791658523e-07i,5.25630795374534e-06+9.47285011085026e-07i,4.40234640390555e-06-1.62399832929136e-06i,2.87004620653194e-07-1.28506406290556e-06i,-2.74903594566443e-07-8.26351226098015e-07i,-2.03404917372676e-06-1.14690263973199e-07i,4.27336209354972e-08+3.32525048375375e-07i,5.83849276358566e-07+1.75732995803058e-07i,4.23801923212557e-07-1.12481520977505e-07i,1.0478278592766e-07-2.41979702379202e-07i,-1.36142042730393e-07-4.71242637583671e-08i,2.89935221867371e-07-4.89967254155517e-08i
2.7844613402079e-06-8.47063409600643e-07i,-1.25216789732977e-05-4.19758041897331e-07i,-1.61377263607181e-06+8.14797134488957e-08i,-6.3848707261406e-06+1.22604071265393e-06i,1.33433502885022e-05+5.36398629884381e-07i,3.10492516954819e-07-8.50789018298131e-07i,-5.58493720100415e-06-9.53303846086934e-08i,-1.39972135274515e-07+1.44912292981752e-06i,1.68464773879362e-07-5.29513891449171e-07i,-1.7961279849218e-06+3.34117564892871e-07i,3.65747395462261e-06+2.52212363355748e-07i,2.55433878670223e-06-1.53019423949473e-06i,-1.73253527084832e-08-7.88520541181713e-07i,-1.83765468382633e-06-1.44016461852282e-07i,9.32627391143086e-09+2.80861711555113e-07i,4.73490683198266e-07+1.57780498226707e-07i,3.79992150288432e-07-4.64095147293272e-08i,1.73072780986746e-07-1.91237791940296e-07i,-1.24711074665773e-07+2.96764440214386e-08i,6.2267849980274e-08+1.45183152141333e-07i
3.22663829326e-06-8.46354237546344e-07i,-1.39479029992592e-05-4.38652854800552e-07i,-2.06356055658859e-06-6.67089549090643e-07i,-7.48007146333374e-06+1.46173303215085e-06i,1.47178883976028e-05+5.81947149597958e-07i,4.69121314628952e-07-1.22216492826483e-06i,-6.14771379400595e-06-2.03112793118543e-07i,2.18569471539281e-07+8.02409244097396e-07i,-2.22685556822534e-06+1.39758239428727e-06i,1.16488703087385e-06+2.58400856931574e-06i,4.26036112518489e-06+7.32231360795855e-08i,4.49843787592502e-08-9.62458516915811e-07i,-7.04675700346236e-07-8.81177104177219e-07i,-1.72921493350413e-06+3.20310971654661e-09i,6.87919298183056e-08+3.3634563352832e-07i,5.42850889489461e-07+1.29147837658947e-07i,3.47249398961598e-07-5.11541719695678e-08i,1.29162032192911e-07-2.16355142156888e-07i,-9.82632626312678e-08-1.29319352520404e-08i,2.08975271019493e-07-1.15371469794453e-08i
1.96715998586832e-06-8.09152013158322e-07i,-8.75154875279286e-06-4.15786148369038e-07i,-1.25722174963462e-06+7.70170890725287e-08i,-5.18139960572958e-06+1.25054138244518e-06i,1.06223100297262e-05+5.72931077107505e-07i,3.31775432810018e-07-1.10406245752257e-06i,-5.03038956239423e-06-1.86416840696416e-07i,6.8821018773944e-08+8.84283532354102e-07i,5.35812488271993e-07-3.81224951125196e-07i,-1.82813515693703e-06+4.75597493891232e-07i,3.63344515348029e-06+2.8636575353477e-07i,4.26264067041009e-07-1.27996499063133e-06i,-2.15316015919757e-07-8.50046868676109e-07i,-1.85225018975059e-06-1.3420059667574e-07i,2.80483330370288e-08+2.96437407240073e-07i,5.15880449913101e-07+1.28173328407751e-07i,3.50928368990193e-07-3.37995898630417e-08i,1.53547737377714e-07-1.89475641814973e-07i,-1.11941768689154e-07+4.68301657716209e-08i,-3.57280247570257e-08+1.28653423028602e-07i
3.62847097036177e-06-8.89878237523998e-07i,-1.57659792851446e-05-4.62003181384525e-07i,-2.38697654631508e-06-9.72688994063053e-07i,-8.5787270132266e-06+1.50335344864736e-06i,1.66872962025255e-05+5.7605733100319e-07i,6.28374128733931e-07-1.02380732808522e-06i,-6.96513308293657e-06-1.68248286751216e-07i,2.26961670013501e-07+9.93575277794552e-07i,-2.79143708331856e-06+1.31345398944231e-06i,1.9512309232991e-06+2.80596824644209e-06i,4.99916222777004e-06-4.09890847276531e-08i,7.6528046250352e-08-1.03018363491532e-06i,-6.04513213027252e-07-9.35977510047672e-07i,-2.08455146095784e-06-4.3776505221108e-08i,5.88444046282131e-08+3.50721018420675e-07i,6.23891774124615e-07+1.38301479050008e-07i,4.07266926259371e-07-5.96863724579985e-08i,1.26178166299464e-07-2.36716329025863e-07i,-1.41985595467535e-07-1.10838293772297e-08i,2.83644256370999e-07-1.80550126739643e-08i
3.17520827747793e-06-8.99319437116532e-07i,-1.42672693285658e-05-4.50070951874734e-07i,-2.11326503972741e-06-8.04165603237328e-07i,-7.812057789909e-06+1.25668833290759e-06i,1.54388405376696e-05+4.83741506875975e-07i,5.1004176260185e-07-7.20838372949841e-07i,-6.44072296536106e-06-6.91130373861819e-10i,-1.07149484736892e-06+2.58787502658887e-06i,-2.72542618260742e-06+1.19049231874602e-06i,1.57371517616748e-06+2.36494665842471e-06i,4.69569907428989e-06-2.31458286976417e-08i,4.1847013670479e-06-1.43162548116604e-06i,-2.46934775623389e-08-7.77329815431615e-07i,-2.31304558860263e-06-1.43747500536311e-07i,-1.2791472020059e-09+3.0205824676398e-07i,6.62034513045265e-07+2.21430853608131e-07i,5.06951669150847e-07-1.48447990610096e-07i,1.80367821089305e-07-2.12114658123894e-07i,-2.01911549260577e-07+2.82500955832376e-08i,2.55191518089995e-07+5.30674466041278e-08i
1.88912177706909e-06-8.98244264119826e-07i,-8.75653124792676e-06-4.39032644918112e-07i,-1.4698398624281e-06-5.0140881970192e-07i,-4.70755150894101e-06+1.21260784978567e-06i,9.81624530395233e-06+4.73666950562189e-07i,2.46039679690271e-07-7.10837412852754e-07i,-4.13571748181569e-06-2.44919344118797e-08i,-1.66499217871127e-06+1.97675450468051e-06i,-1.67548454365597e-06+1.10917060480032e-06i,1.09336552722873e-06+2.05597225668687e-06i,3.17879153230708e-06+4.12717021094487e-08i,3.11672092171318e-06-3.56384390043007e-07i,6.72863747337811e-09-7.35420727743158e-07i,-1.55245153522602e-06-1.35717521944699e-07i,1.57430850136886e-08+2.84323143500982e-07i,4.73055212421697e-07+2.05488542904405e-07i,4.1208878520902e-07-1.09006809925036e-07i,1.63989268266631e-07-1.9702149245956e-07i,-1.00929716291622e-07-1.57442976439126e-08i,1.31072635770974e-07+1.57446202813453e-08i
3.18082659827759e-06-9.21315988002496e-07i,-1.50053146658589e-05-4.66524540741161e-07i,-7.87767706005226e-06+4.56680997253965e-07i,-2.5010479352971e-06+3.16732834043832e-06i,1.69409260362608e-05+5.19672605864928e-07i,6.27417871793758e-07-8.18606126549209e-07i,-7.50985737333933e-06-1.08053352729497e-07i,3.47917565366376e-07+1.10139895191566e-06i,-3.84302830643623e-06+9.25622344294946e-07i,6.11306086819565e-06+8.27566240160236e-07i,1.95332718398574e-06-1.3537453017569e-06i,-1.11083970924305e-08-9.15104290888225e-07i,-1.23002155099716e-06-7.83794973845716e-07i,-2.06195342909471e-06+1.51479405476824e-07i,7.37848305456536e-08+4.06197447587982e-07i,7.885410561063e-07+1.48759522076211e-07i,5.57082314986361e-07-1.31565195103726e-07i,-2.21718713403618e-07-3.63886248572427e-08i,2.1063186020707e-07+2.33067923922381e-07i,5.23697618557192e-07-1.25450581670779e-07i
3.46975559548899e-06-1.04294061789939e-06i,-1.51663502701477e-05-5.32131709392043e-07i,-2.29947938688783e-06-9.31742540006992e-07i,-8.26699283229371e-06+1.50516189152469e-06i,1.57916552735045e-05+5.92948471136515e-07i,5.83747400252042e-07-8.82602195030335e-07i,-6.46116060941433e-06-7.90686905505288e-08i,-5.59362583198533e-07+2.13109477878808e-06i,-2.48334343854019e-06+1.40695401777552e-06i,1.61868445093533e-06+2.70921053111299e-06i,4.57995155562802e-06-2.57804980301638e-09i,1.54469175831744e-06-2.16361404189648e-06i,-9.89189958324196e-08-9.22733668177331e-07i,-2.19196494455771e-06-1.69730363613406e-07i,2.62326931598466e-08+3.54426652917075e-07i,6.19960566712888e-07+2.04357442174206e-07i,4.50385325904537e-07-1.1883080250628e-07i,1.69972401329388e-07-2.38993873633577e-07i,-1.31910122086439e-07-3.30891965995361e-11i,2.32934496514488e-07+1.46708519973522e-09i
2.95788118331185e-06-9.8893030793033e-07i,-1.32770364767517e-05-5.02311641077834e-07i,-6.80686284279453e-06+3.9384152732988e-07i,-2.79394477315267e-06+3.6806483687081e-06i,1.3265456075151e-05+5.50885103919619e-07i,4.361918183155e-07-8.42934943639221e-07i,-5.22075049922411e-06-1.10181465436798e-07i,-2.51900072678256e-08+1.23804994418103e-06i,-2.33453072116293e-06+9.76482202108213e-07i,3.96868319811406e-06+8.72010609188447e-07i,1.88870061337194e-06-1.41781798471744e-06i,9.305508487618e-08-9.86576214513762e-07i,-7.14074997238079e-07-8.21890030482564e-07i,-1.47897491883571e-06+2.20374197878803e-08i,1.17531618373837e-07+3.54024372400648e-07i,4.81233586240386e-07+1.55785559449776e-07i,3.41537761335099e-07-1.05808520580429e-07i,1.98019632930139e-08-7.30639377769736e-08i,3.57968578485349e-08-4.03653272469759e-08i,2.6396433009192e-07-1.14340916093181e-07i
2.37964926915512e-06-8.38823888195817e-07i,-1.09762390210012e-05-4.31778177536459e-07i,-5.77164979569808e-06+4.74366394898249e-07i,-2.0340357159399e-06+2.89271259117036e-06i,1.19483488195015e-05+4.9787292148589e-07i,4.30718120414893e-07-8.2602530154265e-07i,-5.11532313136732e-06-1.24656307945142e-07i,1.60390057833996e-07+8.80282779180905e-07i,-2.44835081346485e-06+8.77029288943169e-07i,4.06224853596781e-06+7.8022156346072e-07i,1.62666150687428e-06-1.26766496900623e-06i,-1.99665293176095e-09-8.35953216462326e-07i,-1.00859186512003e-06-6.6708817876844e-07i,-1.30898241006087e-06+1.73434314938077e-07i,1.15018347764618e-07+3.46287248407688e-07i,5.15500110550499e-07+1.30798869215973e-07i,3.37762455112056e-07-9.96930756336646e-08i,-3.156965642584e-08-4.62109705289703e-08i,7.04356102637706e-08+6.19829248717076e-08i,3.10695725535369e-07-1.0234732638763e-07i
2.92054327113532e-06-9.39037186654984e-07i,-1.35885918387366e-05-4.83286095827999e-07i,-6.47476074062207e-06+7.66828258308161e-07i,-1.79505281546815e-06+2.46931120198343e-06i,1.4079799111714e-05+5.60149493744637e-07i,4.59104399442049e-07-9.83227392372819e-07i,-5.76901064955508e-06-1.52069365933852e-07i,2.8186871165251e-07+8.21370701083544e-07i,-2.84862047183681e-06+9.06423722717851e-07i,4.46421557033792e-06+6.7569251982745e-07i,1.27568953519607e-06-8.6969524279498e-07i,-1.48706239155741e-07-9.73835385883292e-07i,-1.67252761553851e-06-4.08551431829795e-07i,-7.71734427137835e-07+4.10645832956765e-07i,2.77484879644034e-07+3.89540861049792e-07i,5.37978850632533e-07+1.31523343968723e-07i,2.19312572512208e-07+2.01582192392089e-07i,3.66449986928035e-07+1.44515563386265e-07i,3.84143925902503e-07-1.83885865377031e-07i,2.34514357181961e-07-3.23669772673753e-07i
3.7140399184522e-06-1.00755158109659e-06i,-1.69547759994203e-05-4.94917783645774e-07i,-2.2684325269989e-06-3.68141286115306e-07i,-8.8365237100181e-06+1.34042152748928e-06i,1.82061397271476e-05+5.46455098505051e-07i,4.52108077806789e-07-8.21839269855376e-07i,-7.5064245667355e-06+2.54346674618025e-08i,-1.42239544856953e-06+3.14565929498194e-06i,-2.94797211966585e-06+1.55584835507414e-06i,9.82892823915572e-07+2.73282642909485e-06i,4.61906429405093e-06+1.94285779521712e-06i,5.31634162409552e-06+1.44347953004012e-07i,1.00658127564853e-08-8.84978504757274e-07i,-2.65464196801699e-06-1.58342319527517e-07i,-7.15191989010544e-09+3.30689987386033e-07i,7.26492122880576e-07+2.5657205719508e-07i,5.92318882875187e-07-1.44289300809271e-07i,2.30390244520354e-07-2.34215542794121e-07i,-2.48091866462123e-07+3.99053779054865e-08i,2.2011119202743e-07+1.38456449273504e-07i
2.65009590750146e-06-1.03602977549612e-06i,-1.23215647143269e-05-5.25402735172792e-07i,-7.42607697698414e-06+2.33805865343504e-07i,-4.57952197330519e-06+4.43663431828207e-06i,1.42451472985595e-05+5.67146245646548e-07i,5.4030263804629e-07-8.47997497250144e-07i,-6.40137859611666e-06-9.39504449732129e-08i,-4.63189057988342e-08+1.55398533803184e-06i,-3.15753858933683e-06+1.06236390812391e-06i,5.52874430691247e-06+1.11553494554488e-06i,3.06848152499792e-06-2.12290100640781e-06i,1.54208044466316e-07-1.19621821472764e-06i,-5.18961454175561e-07-9.54601289781014e-07i,-2.30151233243996e-06-7.57597864074232e-08i,5.65328894369561e-08+3.90185523324032e-07i,7.05752589270396e-07+1.82969858547669e-07i,5.01853160543429e-07-1.19182549415688e-07i,2.62161896427011e-08-2.7896961176801e-07i,-1.59900875175066e-07-7.6118354689712e-08i,3.95567447691682e-07-6.8312177496393e-08i
3.33180268603922e-06-9.54280349444915e-07i,-1.51449448844349e-05-5.11799753313922e-07i,-8.77929295100482e-06+6.18984152122509e-07i,-2.19619222311228e-06+2.52567788011292e-06i,1.76523589871009e-05+5.34912520371617e-07i,8.82738324196462e-07-7.8403917962282e-07i,-7.98528930987548e-06-1.16154954670159e-07i,2.94200525852347e-07+1.20971896926426e-06i,-4.14664212013063e-06+9.23524789303116e-07i,6.60449613245195e-06+7.34944696758472e-07i,1.89962241142117e-06-1.05247034063803e-06i,2.36754128786287e-08-9.94995814021393e-07i,-1.43326415123919e-06-9.68859031411538e-07i,-2.33832514349218e-06+2.22909489110292e-07i,7.99396011110672e-08+4.4565693796959e-07i,9.09392487887524e-07+1.53679533966237e-07i,5.37652979013771e-07-1.71047708029176e-07i,-2.67738379666263e-07-6.9735694565664e-08i,4.11464540182525e-07+2.63490595099588e-07i,6.58713015883845e-07-1.37547799359072e-07i
2.25091822834579e-06-9.89254915567357e-07i,-1.04588621202021e-05-4.84005650585026e-07i,-1.65254368141579e-06-4.8195135855047e-07i,-6.16713667133338e-06+1.19525184889211e-06i,1.28236640000897e-05+4.87266173816904e-07i,3.51790161531409e-07-7.62810236733295e-07i,-5.58728102034722e-06-1.87349756897139e-07i,-5.58641319773251e-06-1.03446700304632e-07i,-2.66564184266909e-06+1.27321606697946e-06i,1.28041868548052e-06+2.33520352555012e-06i,1.28972127655729e-06+2.05508502363787e-06i,4.74524568530792e-06+7.35850898107654e-08i,6.25493305298869e-08-8.57930806402037e-07i,-2.44727262792573e-06-1.4549873953971e-07i,-8.37468816361512e-09+3.14078299907514e-07i,7.84450966395337e-07+3.07243707337677e-07i,6.89875819302756e-07-2.14457012659983e-07i,2.23798301819782e-07-2.23497309154027e-07i,-2.4712199260533e-07+3.69104230861149e-08i,2.72788684316218e-07+8.9453026213151e-08i
2.47326411453353e-06-8.30188425909687e-07i,-1.12885763839234e-05-4.14089455730962e-07i,-1.55748931262843e-06-1.31385249383228e-07i,-6.26185850302017e-06+1.11355265981949e-06i,1.29145518633006e-05+4.80506729712573e-07i,3.86073235414582e-07-7.24656007605115e-07i,-5.66959568810662e-06-1.8504849077738e-08i,-1.05372070746042e-06+2.3297480452678e-06i,-8.153014145713e-07-2.97729134217536e-07i,-1.49334748642666e-06+3.16076728822725e-07i,1.02613842033201e-06+2.25922341158143e-06i,4.08455011532211e-06+2.20780246458284e-07i,9.07246086309834e-08-8.58558631006009e-07i,-2.12239691183126e-06-1.44635709209424e-07i,-1.53431592384525e-08+2.85802799168768e-07i,6.243574956819e-07+2.3303018283877e-07i,5.01441470309626e-07-1.47343095168928e-07i,1.94153627180493e-07-2.00811805217317e-07i,-1.81050981316569e-07+5.69265864158155e-08i,-6.2804593667716e-08+1.93814797659344e-07i
4.81269545783396e-06-9.51668690941825e-07i,-2.19838800048607e-05-4.74935851177616e-07i,-2.97148656658272e-06-7.22724915041934e-07i,-1.12032471307459e-05+1.55099131527462e-06i,2.36022821389248e-05+5.85548819491236e-07i,7.12767775366917e-07-9.92912300970044e-07i,-9.95191407460396e-06-1.31591373484956e-07i,4.73236551236705e-07+1.23447955477489e-06i,-4.39081520968622e-06+1.38009377919647e-06i,2.36038175813079e-06+3.09569819637309e-06i,7.2281652804221e-06-6.2883298363056e-08i,6.94536176371323e-08-1.1854087341715e-06i,-5.10460575208157e-07-8.95151709502093e-07i,-3.12925003742998e-06-8.82114243436707e-08i,1.46227984587921e-08+3.57868628379873e-07i,8.7769642460798e-07+1.59777592257791e-07i,6.40607208556325e-07-5.82680464036977e-08i,2.10672770085051e-07-2.69509499040075e-07i,-3.54381831661926e-07+2.17193190099059e-08i,4.33122464939944e-07+3.86851365588869e-08i
2.68081520223682e-06-9.56191150436434e-07i,-1.2464809289029e-05-4.74031714208167e-07i,-7.87203262475091e-06-1.39528646869701e-06i,-8.48892535583377e-06+1.3853003783346e-06i,1.46894406661229e-05+4.76621434982376e-07i,5.12930839227395e-07-7.00793633430838e-07i,-6.57491603524325e-06+1.74697579068312e-08i,-1.0530369126446e-06+2.64064882966294e-06i,-3.30168860843124e-06+9.55422031160385e-07i,6.57871852893646e-06+8.53328215482447e-07i,6.17363608175895e-06-1.28728835465777e-06i,7.83837077094148e-07-2.05537219716571e-06i,-1.28962497853779e-07-7.72118629552259e-07i,-2.64104092550163e-06-1.33921317309018e-07i,3.23003950294318e-09+3.26470312643008e-07i,7.66862105376569e-07+2.26348025818644e-07i,5.82006273306414e-07-1.63434148629221e-07i,1.79343094076777e-07-2.42317424080141e-07i,-2.85090039212248e-07-3.6928672072019e-09i,4.19518539582027e-07-1.50179152934236e-08i
2.97780907545691e-06-1.06371096450582e-06i,-1.39624262621454e-05-5.37372934865849e-07i,-8.70144332255784e-06+2.28631545443283e-07i,-6.68233534179669e-06+4.74273365664924e-06i,1.62495827210532e-05+5.96168787085956e-07i,5.98685235842409e-07-9.13049045196729e-07i,-7.38649856258295e-06-1.07210408063562e-07i,1.21665321141718e-07+1.51315522672698e-06i,-3.67994523670878e-06+1.13519069547017e-06i,6.56934854980072e-06+1.28383014526514e-06i,4.14303062209022e-06-2.58315244987198e-06i,1.10765463342874e-07-1.21297541142213e-06i,-6.0154447326733e-07-9.92459628219382e-07i,-2.63262707238328e-06-6.59523567112393e-08i,4.49146852426853e-08+4.09871088394661e-07i,8.11275254848873e-07+1.87875662045447e-07i,5.75722277014302e-07-1.14716913427652e-07i,7.69795847655811e-08-3.21034979352578e-07i,-2.4151830094804e-07-6.85185855348717e-08i,4.59501817274981e-07-5.29260467390166e-08i
3.15869195711041e-06-8.61774675926547e-07i,-1.43298828191809e-05-4.46313347460964e-07i,-2.97714650862378e-06-1.9303308590819e-06i,-8.46512114953794e-06+1.60590261246136e-06i,1.67758609247022e-05+5.25008042702546e-07i,7.20518717284719e-07-8.3822214286587e-07i,-7.65438740108313e-06-1.22231317785598e-07i,2.41260037244666e-07+1.18845971850877e-06i,-3.57014637668885e-06+1.15135916001954e-06i,3.04992742025644e-06+3.25567963985876e-06i,6.27051815971605e-06-2.72887500695053e-07i,1.28931035762468e-07-1.15892474406175e-06i,-3.73780077937545e-07-8.9075127431157e-07i,-2.79666521418192e-06-1.05354295582488e-07i,1.17328168396027e-08+3.36800321686729e-07i,8.18677361932005e-07+1.52110360811947e-07i,5.23294072149107e-07-8.19609004139494e-08i,1.64764084113655e-07-2.3368903515274e-07i,-2.96637157022335e-07+3.38925929520385e-08i,4.33878373713817e-07+1.50020835215955e-08i
5.10552606947661e-06-1.23439974313561e-06i,-2.3575059436385e-05-5.72551046784808e-07i,-2.91413448328541e-06-3.96241685842163e-07i,-1.12036582554253e-05+1.37716428787548e-06i,2.31663960291071e-05+5.42741995289303e-07i,1.99467154601938e-07-9.15464285241917e-07i,-9.31164120923071e-07-3.6205677846824e-06i,-8.77790480628117e-06-4.40643190193141e-07i,-3.66618913726905e-06+1.40573537662562e-06i,7.56465418891906e-07+3.5468791647868e-06i,1.60321213645524e-06+2.73990024755507e-06i,6.04539101143043e-06+8.75569247261919e-08i,1.79395051381251e-07-1.1562754531453e-06i,-2.93629869048039e-06-1.53150513357151e-07i,-1.44478713013684e-08+3.73740464562216e-07i,1.21671288751155e-06+2.46623091454328e-07i,1.2168081655442e-06-1.37303876540956e-08i,3.66868047609483e-07-2.59262371270721e-07i,-3.15199047018897e-07+2.66296445204285e-08i,2.04780732575532e-07+1.70862713509819e-07i
2.78669540927081e-06-9.47998682167462e-07i,-1.29719514258357e-05-4.65458790047342e-07i,-1.80375693117238e-06-1.39598860655226e-07i,-6.6959276333652e-06+1.42869104275031e-06i,1.46174600063582e-05+5.86763219293383e-07i,3.42927846155115e-07-9.74601451181167e-07i,-6.40760401757167e-06-1.18484923171409e-07i,8.57647327331239e-08+1.31695971579539e-06i,-2.38678396145374e-06+1.55778313269618e-06i,4.60768911134833e-07+2.72981202919839e-06i,4.69935170731588e-06+1.55962284040905e-07i,3.29140845543687e-07-1.36663642479491e-06i,-2.43335591382798e-07-8.32182791588905e-07i,-2.18295402667038e-06-1.22438023847826e-07i,2.71283155672333e-08+3.25063457518101e-07i,5.85058544965266e-07+1.61360812985869e-07i,4.71074288988367e-07-4.62714250035779e-08i,1.90214738916322e-07-2.3637909665156e-07i,-1.83486217593856e-07+3.48485313114242e-09i,1.99812680383492e-07+4.81181530654833e-08i
3.73510530455803e-06-8.91403568624542e-07i,-1.63716653662095e-05-4.77383484037998e-07i,-7.86775677874508e-06+7.7012609761458e-07i,-2.04080975998848e-06+2.5551342458889e-06i,1.59398666196507e-05+5.74044255981082e-07i,5.09942470297174e-07-1.17810107515882e-06i,-6.12236456532311e-06-1.95121277746748e-07i,3.19793286477351e-07+6.85899256164147e-07i,-2.84082625280597e-06+9.26614087117565e-07i,4.48486806281622e-06+6.95303030520844e-07i,1.30014664030857e-06-9.24950295124828e-07i,-2.9393439388993e-07-1.07808126600442e-06i,-1.84601626343585e-06-3.22891116436727e-07i,-5.47072809714074e-07+4.54951323845214e-07i,3.46112003968043e-07+3.59364483450286e-07i,5.26688250271613e-07+1.1908505163798e-07i,1.57863154957342e-07+2.28385398688732e-07i,3.99419330757353e-07+1.58489057755372e-07i,4.03091954038597e-07-1.88497587736644e-07i,2.13111471287404e-07-3.24404689983583e-07i
2.38093260383123e-06-9.16164352781965e-07i,-1.06210221222768e-05-4.85895444878698e-07i,-6.7247646118195e-06+3.03967134731101e-07i,-4.54451346445407e-06+4.04262167431256e-06i,1.20256168690585e-05+5.55780716012828e-07i,5.12338920089298e-07-9.02384723988661e-07i,-5.29532539879931e-06-1.49215433338899e-07i,7.00186760654466e-08+1.01592321328413e-06i,-2.42276665279674e-06+1.02471882355501e-06i,4.52445800012668e-06+9.78631563177265e-07i,3.04427297290958e-06-1.72736525385616e-06i,4.25203270808033e-08-9.46672830854308e-07i,-9.12022163197615e-07-8.74796684435291e-07i,-1.61400317546407e-06+8.26367887872378e-08i,1.11554424919728e-07+3.67393954176396e-07i,5.52605414691162e-07+1.39868279784835e-07i,3.48914068705499e-07-9.26876882067159e-08i,-2.76781011672846e-08-1.10977509686554e-07i,-2.84581719774748e-08-5.55697227336383e-08i,3.03361842493986e-07-8.77617757540703e-08i
4.21220776348791e-06-9.2412724194848e-07i,-1.81352098797692e-05-4.75279220326118e-07i,-9.43827509200889e-06+8.39239712138076e-08i,-3.72559660368516e-06+4.45064627090317e-06i,1.7140083522943e-05+5.0102803923382e-07i,6.38458435353771e-07-7.36308015632953e-07i,-6.46322528775977e-06-8.17818319833587e-08i,7.66188829943544e-09+1.45328884457171e-06i,-2.8407327015807e-06+9.22592182402028e-07i,4.76566537749821e-06+9.25650363205343e-07i,2.28566506390341e-06-1.71561614325115e-06i,1.35918782992686e-07-1.04908948934123e-06i,-4.86477943531402e-07-8.66823840097786e-07i,-1.93448115572043e-06-6.2696008199476e-08i,6.82019247798056e-08+3.43309364602791e-07i,5.71494832889206e-07+1.55182454519581e-07i,3.94804224073239e-07-1.07649783290362e-07i,-4.0578112928418e-08-1.54624751842538e-07i,-6.55621146141277e-08-6.34278227070262e-08i,3.17715487476559e-07-8.0012788306879e-08i
3.50119045396057e-06-9.38328534221177e-07i,-1.60716645398705e-05-4.56444698802802e-07i,-2.1730576833621e-06-5.10801533007988e-07i,-7.85015637474166e-06+1.36012631429196e-06i,1.6527117270147e-05+5.21232081738824e-07i,3.70558918381301e-07-7.88360575990886e-07i,-6.64779270596562e-06-3.29310618591292e-08i,-3.34086672555015e-07+2.02887671268507e-06i,-2.75909185594876e-06+1.25926732039676e-06i,1.5223774820672e-06+2.50227040747478e-06i,4.71779561141615e-06+3.71282650990712e-09i,1.23992598783138e-06-2.08421138002092e-06i,-8.68711246800924e-08-7.7803702362525e-07i,-2.20807971497841e-06-1.37680659099614e-07i,9.40049529016877e-09+3.08638866957328e-07i,5.85958382479498e-07+1.98773025194973e-07i,4.80993169206147e-07-8.90470111577994e-08i,1.95270538722503e-07-2.2177093562175e-07i,-1.91790430630281e-07+7.73564045186933e-09i,2.01106614387019e-07+4.93591503314936e-08i
3.52107487261392e-06-8.39639431357319e-07i,-1.49612033388453e-05-4.39433704448215e-07i,-2.20851189520375e-06-8.62507186545342e-07i,-8.07161586107563e-06+1.41166349125976e-06i,1.53468806741591e-05+5.52478076363738e-07i,5.75263782327944e-07-1.00846051883594e-06i,-6.25251134882736e-06-1.71714132395503e-07i,1.89726899374752e-07+8.9366803404537e-07i,-2.37287117014715e-06+1.25618408921743e-06i,1.6776118511381e-06+2.57285311551016e-06i,4.35953186668939e-06-9.2248831496706e-09i,6.18830926208602e-08-9.49414604489459e-07i,-6.4177323546035e-07-8.85924239350636e-07i,-1.78070788525848e-06-1.79626734357626e-08i,7.0738416689719e-08+3.30969329020063e-07i,5.40234193508582e-07+1.2672745434581e-07i,3.48066887888894e-07-5.45575281776364e-08i,1.05070015539171e-07-2.15447014017295e-07i,-9.16769335437878e-08-2.36546476148192e-08i,2.37007429390087e-07-3.11837407144774e-08i
3.9281937346032e-06-9.48788912309131e-07i,-1.67471572172033e-05-4.85115212633357e-07i,-2.2414244266465e-06-6.48144848656041e-07i,-8.72410874054501e-06+1.33834116058596e-06i,1.63303930165741e-05+5.48180236624703e-07i,5.91101237319259e-07-8.18693582805696e-07i,-6.4045989788072e-06-7.81151684363804e-08i,-3.89849111566364e-07+1.93626538206792e-06i,-2.28967100216904e-06+1.36675570872206e-06i,1.17486098234698e-06+2.48541381869067e-06i,4.26974236817989e-06+4.61227975093149e-08i,1.44132676117391e-06-2.01448847275835e-06i,-9.04655610006833e-08-8.49913236653868e-07i,-2.05445296536841e-06-1.56119947974601e-07i,2.37131449551713e-08+3.2281359066927e-07i,5.67305156921291e-07+1.80443375663897e-07i,4.07293455860018e-07-9.8752363406579e-08i,1.55166265292729e-07-2.16235590347773e-07i,-1.19308972943748e-07+3.82050808924674e-09i,2.10802386625556e-07+8.28004416367765e-09i
4.47184081072722e-06-9.03989044193853e-07i,-2.05317590586787e-05-4.5385344179179e-07i,-2.85002230545899e-06-7.42802025638588e-07i,-1.10042162365396e-05+1.43923358583733e-06i,2.3031285827315e-05+5.47834481364988e-07i,7.75145422380759e-07-8.83520791085859e-07i,-1.00936960404289e-05-1.09793702168727e-07i,4.35597565249487e-07+1.35212014189951e-06i,-4.57108070812233e-06+1.36094655937563e-06i,2.25470576200325e-06+2.85076315218615e-06i,7.51549464911809e-06-2.73760510487209e-08i,1.66627318712871e-07-1.40260159926973e-06i,-3.14432799731421e-07-8.5714614276214e-07i,-3.51563176399732e-06-1.23681926741438e-07i,-8.30723574169575e-09+3.3445209746254e-07i,9.65448676003309e-07+1.65552051365054e-07i,6.72271781445199e-07-7.10854370434966e-08i,2.30330547678163e-07-2.40287866071994e-07i,-4.15675599406431e-07+5.9371490331501e-08i,4.74832320385238e-07+7.33012956870454e-08i
4.19411872758469e-06-8.23296319785621e-07i,-1.85216230700153e-05-4.18022840810067e-07i,-2.4081478244459e-06-2.95631249323947e-07i,-9.70738008082991e-06+1.27732363886529e-06i,1.95874909498277e-05+5.31886159233779e-07i,6.58323627893347e-07-9.30797278365102e-07i,-8.18232934613923e-06-1.40038345738321e-07i,3.38752549481057e-07+1.01694720979098e-06i,-3.1243763421931e-06+1.51399987441932e-06i,9.90721644671536e-07+2.72661811145854e-06i,5.62097549580702e-06+1.19797979894338e-07i,1.13083551920674e-07-1.09850229586005e-06i,-3.82077598186509e-07-8.27204683143815e-07i,-2.53947917878696e-06-9.28520165570873e-08i,2.12557236683701e-08+3.11821537636665e-07i,7.03674439653407e-07+1.33430514874945e-07i,4.86115708845861e-07-4.43259070841662e-08i,1.6821022811199e-07-2.18927617304237e-07i,-2.38997629967104e-07+3.5108074342428e-08i,3.07627093721738e-07+4.63167829594521e-08i
3.988517756615e-06-8.17619671224943e-07i,-1.81026262094201e-05-4.35302378215569e-07i,-9.51337582986565e-06+5.03567494469356e-07i,-2.77790014958602e-06+3.32716999468237e-06i,1.98668431075071e-05+5.48902751971418e-07i,7.28883812956843e-07-1.37363437655199e-06i,-8.52438216266452e-06-2.18021319574457e-07i,5.18178094124234e-07+6.02428365146109e-07i,-4.1513933267546e-06+9.45301008417946e-07i,6.61267616307763e-06+8.10906202790189e-07i,1.95236684250368e-06-1.32755196871094e-06i,-2.96363011070241e-07-1.17772213573739e-06i,-2.77250580935682e-06-3.02867818053761e-07i,-6.4837479383502e-07+4.52349095957347e-07i,3.44038990998419e-07+5.12650116701582e-07i,8.1162884290442e-07+1.15589755953371e-07i,1.66736921028161e-07+3.80631602298587e-07i,4.8124844279001e-07+2.90440579045186e-07i,4.9482580408831e-07-1.87175086040595e-07i,2.71201276120681e-07-3.78569284767076e-07i
3.32194883272653e-06-1.01452839573561e-06i,-1.53570488557336e-05-5.08387548460326e-07i,-2.50402203706247e-06-1.09784840204646e-06i,-8.90008660349102e-06+1.49498223180231e-06i,1.83672123038531e-05+5.54498529637911e-07i,6.42858998752344e-07-8.26536581464734e-07i,-8.4297816174756e-06-3.21589512906425e-08i,-3.64826307027075e-07+2.46660359948993e-06i,-4.03004623969153e-06+1.29943609114977e-06i,2.47482289354349e-06+3.04028935915079e-06i,6.81066299869264e-06-1.52399514291577e-07i,1.18511471799997e-06-2.64561451710212e-06i,-1.15883100788878e-07-8.77555522041343e-07i,-3.35025586346538e-06-1.5656044716345e-07i,-9.97228001922191e-09+3.50459018337526e-07i,9.28736716865202e-07+2.21090549642417e-07i,6.7524038183777e-07-1.30723809713154e-07i,2.3351405423524e-07-2.49520272267029e-07i,-3.7553204593416e-07+5.16015238218512e-08i,4.68810821516544e-07+5.26479694284406e-08i
