x,y,z
-0.682000000000001,0.116758999848732,0.01497574572074
-0.682000000000001,0.128688025389225,0.0150077160491943
-0.682000000000001,0.136961234290611,0.00631944465637208
-0.682000000000001,0.137097622713162,0.0236805553436279
-0.682000000000001,0.141826128827976,0.0149566353878995
-0.682000000000001,0.153106617174422,0.00631944465637207
-0.682000000000001,0.153421327430287,0.0236805553436279
-0.682000000000001,0.164821787686107,0.0150784899979295
-0.682000000000001,0.178266022499091,0.0150077236410826
-0.682000000000001,0.194066812324642,0.014944954823666
-0.682000000000001,0.210322622254106,0.0150774608316473
-0.682000000000001,0.226597260253833,0.014936096467967
-0.682,0.169485257252364,0.00631944465637207
-0.682,0.185799256330963,0.00631944465637207
-0.682,0.185875502855075,0.0236805553436279
-0.682,0.316392619474966,0.0236805553436279
-0.682,0.201940988662485,0.00631944465637207
-0.682,0.202279348301284,0.0236805553436279
-0.682,0.300004008368692,0.00631944465637207
-0.682,0.300376213323514,0.0236805553436279
-0.682,0.316187810981179,0.00631944465637207
-0.682,0.332422022867022,0.0236805553436279
-0.682,0.120500116787824,0.00631944465637207
-0.682,0.120666678539535,0.0236805553436279
-0.682,0.169590148260139,0.0236805553436279
-0.682,0.283789923558249,0.00631944465637207
-0.682,0.332644758034381,0.00631944465637207
-0.682,0.218185881379877,0.00631944465637207
-0.682,0.218386872371101,0.0236805553436279
-0.682,0.348877249481708,0.00631944465637207
-0.682,0.102375,0.00631944465637207
-0.682,0.102375,0.0236805553436279
-0.682,0.267979161616151,0.0236805553436279
-0.682,0.283992552170699,0.0236805553436279
-0.682,0.34897301061323,0.0236805553436279
-0.682,0.365207012802196,0.00631944465637207
-0.682,0.365230015520108,0.0236805553436279
-0.682,0.383625,0.00631944465637207
-0.682,0.383625,0.0236805553436279
-0.682,0.2351379451973,0.0236805553436279
-0.682,0.250907685374245,0.00631944465637207
-0.682,0.251804133966755,0.0236805553436279
-0.682,0.267036538095077,0.00631944465637207
-0.682,0.234639237986999,0.00631944465637207
-0.682,0.32784499917501,0.0151178570965958
-0.682,0.341234871828968,0.0149306735978233
-0.682,0.356748688238237,0.0150195580413606
-0.682,0.370887143312108,0.0150039116082721
-0.681999999999999,0.242991926036107,0.0149347247328116
-0.681999999999999,0.258841372758545,0.0149870256765915
-0.681999999999999,0.272253007998332,0.0151772544193648
-0.681999999999999,0.295460843085886,0.0149774750972541
-0.681999999999999,0.305558199658739,0.0150138888885498
-0.67632310089986,0.348478703981583,0.00631944465637207
-0.676310621576894,0.268313801435268,0.0149796168010688
-0.676273733173393,0.221007499719184,0.0149754860329365
-0.676259637164355,0.138936168713545,0.00631944465637207
-0.676251982178133,0.139093779717428,0.0236805553436279
-0.676238226953829,0.313041974247534,0.0150386587031107
-0.676178979701078,0.352078455929043,0.0236805553436279
-0.676178936725345,0.306347310802915,0.0236805553436279
-0.67613575651501,0.184106989862332,0.0236805553436279
-0.676133881151174,0.176523174374817,0.0149930784300178
-0.676130132648591,0.184166975474304,0.00631944465637207
-0.676077041224125,0.304748982754355,0.00631944465637207
-0.676022129224962,0.261465195948569,0.0236805553436279
-0.675970889934163,0.130884135226025,0.0149986207907137
-0.675957572262104,0.260372077829856,0.00631944465637207
-0.675885530264597,0.214211098668549,0.0236805553436279
-0.675822994487073,0.227879299756616,0.00631944465637207
-0.675749054087878,0.229059049892098,0.0236805553436279
-0.675733675464493,0.213166497152838,0.00631944465637207
-0.675532974182913,0.298139855020608,0.0150075376327754
-0.675511756017928,0.168964771465056,0.00631944465637207
-0.675507866473361,0.168930522632386,0.0236805553436279
-0.675485636754308,0.275108898108776,0.00631944465637207
-0.675352345275626,0.146470254167703,0.0149948917649753
-0.675299663807332,0.25296009311259,0.014844664559533
-0.675117189340458,0.319729635231479,0.00631944465637207
-0.675103009329456,0.276873890694417,0.0236805553436279
-0.675068495349077,0.122832159659197,0.00631944465637207
-0.675067656426246,0.122825992899464,0.0236805553436279
-0.675038785641131,0.336951501115139,0.0236805553436279
-0.674957685076758,0.191519046912974,0.0151111240659938
-0.674808686250244,0.364744026050271,0.00631944465637207
-0.674770538840069,0.321480256693768,0.0236805553436279
-0.674667411227137,0.206257636062753,0.0150204531675395
-0.674629980670341,0.236632771543252,0.0148969115803337
-0.674519265042533,0.333933344629226,0.00631944465637207
-0.6745129050252,0.291567642835612,0.0236805553436279
-0.674502262877261,0.36620568128592,0.0236805553436279
-0.674114456183352,0.289688728406265,0.00631944465637207
-0.674041729614061,0.161415430422497,0.0149264081463281
-0.673878454783179,0.15382750727867,0.00631944465637207
-0.673775114501025,0.154061393514047,0.0236805553436279
-0.673586909487377,0.24555573936974,0.0236805553436279
-0.673562107061308,0.283297684688038,0.0150440389362501
-0.673497739656058,0.327705425538522,0.0149341286912188
-0.673383572743492,0.244200073388158,0.00631944465637207
-0.67327341802779,0.198920153128113,0.00631944465637207
-0.673214318395988,0.199317066495519,0.0236805553436279
-0.673156198916662,0.370977736931926,0.0106956581097299
-0.672049870453103,0.374130908081545,0.0171675056638063
-0.669570068359375,0.108657592773438,0.015
-0.669570068359375,0.108657592773438,0.00631944465637207
-0.669570068359375,0.108657592773438,0.0236805553436279
-0.669098528441828,0.102375,0.0150289351844787
-0.667821166992188,0.377277313232422,0.00631944465637207
-0.667821166992188,0.377277313232422,0.0236805553436279
-0.667821166992188,0.377277313232422,0.015
-0.6642281329308,0.110043003466255,0.0182480719200541
-0.664006840848869,0.244054338013709,0.0236805553436279
-0.663895208700334,0.241075707405271,0.00631944465637207
-0.663716675887453,0.154479317502556,0.0236805553436279
-0.663422808674963,0.102375,0.00631944465637207
-0.663412653920032,0.102375,0.0236805553436279
-0.66330880885701,0.152603327290563,0.00631944465637207
-0.663264776507919,0.114116654497024,0.0193402619177375
-0.663249574088793,0.290712496766635,0.00631944465637207
-0.663063688824354,0.111421448905863,0.0128242379241536
-0.662941532844775,0.11927951808007,0.00631944465637207
-0.662919098831207,0.383625,0.00631944465637207
-0.662852457781199,0.119835420000974,0.0236805553436279
-0.662788005504959,0.34060791976082,0.0236805553436279
-0.662609842660361,0.363522409414544,0.0236805553436279
-0.662607864228013,0.202411211726267,0.00631944465637207
-0.662526227871937,0.335798509725068,0.00631944465637207
-0.662426065368885,0.207000372561629,0.0236805553436279
-0.662408400044463,0.29372313049106,0.0236805553436279
-0.662345154932924,0.383625,0.0151709893972951
-0.662289913783192,0.111432608948587,0.0215010244341739
-0.662287487093966,0.278026948858082,0.0236805553436279
-0.662286885557235,0.383625,0.0236805553436279
-0.661905456169943,0.191521691302829,0.0236805553436279
-0.661705807272561,0.127801287535074,0.0150886443489701
-0.661669318348124,0.36121658491938,0.00631944465637207
-0.661417718570739,0.274942789992991,0.00631944465637207
-0.661400533196576,0.186882513919043,0.00631944465637207
-0.661327457982581,0.169177184456642,0.00631944465637207
-0.661041552553708,0.223018578189286,0.00631944465637207
-0.661029085434127,0.226433092749127,0.0236805553436279
-0.66091113075949,0.17239140596512,0.0236805553436279
-0.660811007657222,0.313415787986548,0.0236805553436279
-0.660788313045593,0.30930037052536,0.00631944465637207
-0.660693628816094,0.135719393298228,0.00631944465637207
-0.66067233434792,0.257229456916258,0.00631944465637207
-0.66064157038635,0.13713632951953,0.0236805553436279
-0.660255878784413,0.260637999125237,0.0236805553436279
-0.656074638684934,0.115989846213885,0.0150065233593052
-0.655439659942537,0.112607987813415,0.0236805553436279
-0.655280328924244,0.112391115152208,0.00631944465637207
-0.654657179614146,0.102375,0.0151446759223937
-0.652475037725397,0.374875120668846,0.0236805553436279
-0.651752069654374,0.370056898848797,0.00631944465637207
-0.651246207703075,0.232592644257535,0.00631944465637207
-0.651214386075617,0.267095628056832,0.00631944465637207
-0.649027822791098,0.251513034555658,0.0236805553436279
-0.648977851708648,0.27921501579694,0.00631944465637207
-0.64880731895969,0.203116950878653,0.00631944465637207
-0.648663141952959,0.12487670807515,0.00631944465637207
-0.648033128078995,0.163088606557583,0.00631944465637207
-0.6479829552958,0.291270893140837,0.00631944465637207
-0.647906481751841,0.165275655381524,0.0236805553436279
-0.647647491591719,0.278827465492936,0.0236805553436279
-0.647530785774799,0.29448778919034,0.0236805553436279
-0.647517641787424,0.322071063994315,0.00631944465637207
-0.647481601720503,0.349686320423377,0.00631944465637207
-0.647205985196121,0.182661121078663,0.00631944465637207
-0.647155242488676,0.348604659278547,0.0236805553436279
-0.647132548590693,0.147054437836347,0.0236805553436279
-0.647086853287349,0.244735481070568,0.00631944465637207
-0.646912918073707,0.126759935178354,0.0236805553436279
-0.646816234869715,0.184475888029459,0.0236805553436279
-0.646541329598044,0.365758324860916,0.0236805553436279
-0.646520534300475,0.1458964533215,0.00631944465637207
-0.646414613540836,0.325709475958482,0.0236805553436279
-0.646355710421549,0.220060065287507,0.0236805553436279
-0.646240518229927,0.237842003485668,0.0236805553436279
-0.646186948513947,0.20193164880909,0.0236805553436279
-0.645833101707853,0.102375,0.0236805553436279
-0.645194649562809,0.102375,0.00631944465637208
-0.644454183839805,0.257033748104945,0.00631944465637207
-0.644395122716108,0.383625,0.00631944465637208
-0.644380015640698,0.221346755771377,0.00631944465637207
-0.644002795212314,0.26254273430022,0.0236805553436279
-0.642939773069378,0.383625,0.0236805553436279
-0.642602070440605,0.112826050547719,0.0148534663656558
-0.640769501872028,0.374947947820048,0.015742207223012
-0.637248610086391,0.110971103084098,0.00631944465637207
-0.637179930520282,0.377354828371215,0.0236805553436279
-0.63694933173015,0.11135487083602,0.0236805553436279
-0.634167749588317,0.383625,0.0150549419352212
-0.63398613865112,0.176536081205009,0.0236805553436279
-0.633944979820678,0.306124469870089,0.0236805553436279
-0.633906927334176,0.175296121374428,0.00631944465637207
-0.63382300260811,0.267349116171985,0.00631944465637207
-0.633726911143923,0.302836596104277,0.00631944465637207
-0.633582806416785,0.269833755961522,0.0236805553436279
-0.63337934930779,0.139679910691478,0.00631944465637207
-0.633379143405638,0.13968737541237,0.0236805553436279
-0.633254380748645,0.35989542111474,0.00631944465637207
-0.633229054846756,0.213916950162994,0.0236805553436279
-0.633022313037729,0.342399867059731,0.0236805553436279
-0.632903760585062,0.230982904050502,0.00631944465637207
-0.632895726357213,0.102375,0.0148655320902762
-0.632871404866902,0.21207711067917,0.00631944465637207
-0.632456599576113,0.232922022906772,0.0236805553436279
-0.6323646520167,0.338641269796449,0.00631944465637207
-0.631872194613998,0.362380153511223,0.0236805553436279
-0.631714408406939,0.321602454169452,0.00631944465637207
-0.631538624684269,0.250169122105457,0.0236805553436279
-0.631152155342262,0.12089775588307,0.0236805553436279
-0.631139781405813,0.120863661988454,0.00631944465637207
-0.631036801342308,0.194893822582804,0.00631944465637207
-0.630841390548257,0.247915406910512,0.00631944465637207
-0.630820911828075,0.111601899352334,0.0171417241545234
-0.630768921395984,0.114575874638792,0.0106435399583385
-0.630657613570931,0.196292704950354,0.0236805553436279
-0.630645878592628,0.325120180775853,0.0236805553436279
-0.630119493908865,0.28741942689049,0.0236805553436279
-0.630027325224473,0.285523688329713,0.00631944465637207
-0.630023954529678,0.157044115711606,0.0236805553436279
-0.63002164308324,0.156705803577196,0.00631944465637207
-0.627510498337704,0.102375,0.023680555343628
-0.627287673579982,0.102375,0.00631944465637208
-0.626155639648438,0.377277313232422,0.00631944465637207
-0.626155639648438,0.377277313232422,0.0236805553436279
-0.626155639648438,0.377277313232422,0.015
-0.625290594280341,0.383625,0.00631944465637208
-0.624406799316406,0.108657592773438,0.015
-0.624406799316406,0.108657592773438,0.00631944465637207
-0.624406799316406,0.108657592773438,0.0236805553436279
-0.624043019943198,0.383625,0.023680555343628
-0.623718056628325,0.116019424461821,0.0151029717680995
-0.62284142590327,0.126826275754964,0.0236805553436279
-0.622800055844009,0.127329040837799,0.00631944465637207
-0.621257311449886,0.372392566760998,0.0149932642335581
-0.620326939023571,0.154334168002257,0.0236805553436279
-0.62014625441728,0.22274483883113,0.0236805553436279
-0.620118395368469,0.156205094403266,0.00631944465637207
-0.620045106022655,0.227474436415016,0.00631944465637207
-0.619492373952482,0.309036596564354,0.00631944465637207
-0.619383402917287,0.364760527127454,0.00631944465637207
-0.619342100253344,0.302862915066371,0.0236805553436279
-0.619240513499106,0.363530510413032,0.0236805553436279
-0.619053120882762,0.338173364900013,0.0236805553436279
-0.619044138185906,0.262067551480228,0.0236805553436279
-0.618957797517651,0.26851599339629,0.00631944465637207
-0.618884652031745,0.342159302912114,0.00631944465637207
-0.6188450022996,0.102375,0.0149062619873579
-0.618801691742961,0.190924282901002,0.00631944465637207
-0.618462784606115,0.187740121045087,0.0236805553436279
-0.613845953634292,0.376115172426596,0.00631944465637207
-0.61308312811227,0.375616832766896,0.0236805553436279
-0.612478859518611,0.117682419896325,0.00631944465637207
-0.612469167311078,0.117975280620899,0.0236805553436279
-0.611779028445976,0.383625,0.0151538756039902
-0.611045078273465,0.102375,0.00631944465637208
-0.610928781651746,0.102375,0.023680555343628
-0.606966042572213,0.383625,0.00631944465637208
-0.606400852472307,0.349569041594553,0.00631944465637207
-0.606163917526302,0.383625,0.023680555343628
-0.605262888921557,0.365539060306831,0.00631944465637207
-0.604959476838236,0.135513936112986,0.00631944465637207
-0.604941867097756,0.357328952570024,0.0236805553436279
-0.604400269919314,0.136431392970299,0.0236805553436279
-0.604283911264247,0.329513169303434,0.00631944465637207
-0.603307899752924,0.102375,0.0148906185775793
-0.602384424794785,0.320691769076536,0.0236805553436279
-0.602169913483953,0.207003328806046,0.0236805553436279
-0.601817485133113,0.206241668138066,0.00631944465637207
-0.601465723012141,0.174163012034299,0.0236805553436279
-0.600797878703253,0.171505942753397,0.00631944465637207
-0.599990814200666,0.154554473436332,0.00631944465637207
-0.599794512700662,0.348541633458998,0.014035493850708
-0.599443901652358,0.316631499369821,0.00631944465637207
-0.59937004894317,0.11644003566008,0.00631944465637207
-0.599124148069646,0.116853146379401,0.0236805553436279
-0.598917941955752,0.155372998150172,0.0236805553436279
-0.598686914536532,0.19130487387231,0.0236805553436279
-0.597539709934015,0.373839929489026,0.00631944465637207
-0.597195650977569,0.383625,0.0149994472311859
-0.596310759937054,0.372384328755883,0.0236805553436279
-0.595023247169581,0.102375,0.00631944465637208
-0.594523879103046,0.102375,0.023680555343628
-0.590773721885175,0.225908881519647,0.00631944465637207
-0.59077364964546,0.225910622043594,0.0236805553436279
-0.590271190925367,0.107821109120323,0.0136695565720616
-0.589947734963209,0.359682311884479,0.0236805553436279
-0.58994769906743,0.359682507612852,0.00631944465637207
-0.589910406778435,0.298339270087505,0.00631944465637207
-0.589910254325731,0.298337915772973,0.0236805553436279
-0.589898138034059,0.127279644806888,0.0236805553436279
-0.589898109911609,0.127279447813043,0.00631944465637207
-0.589863807337485,0.186556123186005,0.00631944465637207
-0.589863736634694,0.186556511140054,0.0236805553436279
-0.589547679441016,0.102375,0.0148759920665196
-0.58927023918044,0.166590162726044,0.0236805553436279
-0.589270193821182,0.166589958294581,0.00631944465637207
-0.589175527824951,0.383625,0.00631944465637207
-0.589156309916854,0.338693290348833,0.00631944465637207
-0.589156229719838,0.338693002609968,0.0236805553436279
-0.588813616355475,0.14826476802662,0.00631944465637207
-0.588813571381433,0.148264933436872,0.0236805553436279
-0.588504710007418,0.321535457105065,0.0236805553436279
-0.588504019363249,0.321537849471071,0.00631944465637207
-0.588417410425672,0.383625,0.0236805553436279
-0.587865481452909,0.195402990017343,0.0149966351839783
-0.587664117135953,0.204211544571321,0.0236805553436279
-0.58766406538646,0.204211320593724,0.00631944465637207
-0.587571483996754,0.261641142987609,0.00631944465637207
-0.587571360747151,0.261645643188429,0.0236805553436279
-0.587204852858877,0.116301102127353,0.0149998713642278
-0.586960012612002,0.330197462632557,0.0150420324637453
-0.586952654730635,0.15739536098617,0.0149842630669579
-0.586764589970751,0.370522115986445,0.0149918123212025
-0.584518981933594,0.109190040588379,0.00631944465637207
-0.584518981933594,0.109190040588379,0.0236805553436279
-0.584518981933594,0.109190040588379,0.015
-0.583339660644531,0.377329437255859,0.015
-0.583339660644531,0.377329437255859,0.00631944465637207
-0.583339660644531,0.377329437255859,0.0236805553436279
-0.580349226008123,0.383625,0.0150260560450545
-0.579967677249338,0.102375,0.00631944465637207
-0.579137625620303,0.102375,0.0236805553436279
-0.577536483597828,0.246460183340073,0.00631944465637207
-0.57753256343078,0.24648236457406,0.0236805553436279
-0.577394319897591,0.192132334663886,0.00631944465637207
-0.577390798091696,0.192222247467071,0.0236805553436279
-0.576976956530647,0.118456624145204,0.0236805553436279
-0.576976914581679,0.118456948414488,0.00631944465637207
-0.576958589967308,0.166195590089959,0.0236805553436279
-0.576956548232966,0.166155554501024,0.00631944465637207
-0.576917722855013,0.280543320988945,0.0236805553436279
-0.576914575699141,0.280530023975743,0.00631944465637207
-0.576351068444689,0.36566676026079,0.0236805553436279
-0.576351055141057,0.365666628141651,0.00631944465637207
-0.576217755126562,0.34460055688369,0.00631944465637207
-0.576217494294618,0.344607163493467,0.0236805553436279
-0.575884998630672,0.219648065622593,0.0150137523566985
-0.575873553325181,0.137867271809287,0.0236805553436279
-0.575873550940676,0.137871869621969,0.00631944465637207
-0.575824492025139,0.271884509872905,0.0152024245207918
-0.575735471328526,0.209856755235241,0.00631944465637207
-0.575727733789372,0.209917992992793,0.0236805553436279
-0.575606902071327,0.296953287871147,0.00631944465637207
-0.575602729199715,0.296970486348982,0.0236805553436279
-0.575596640423763,0.318040336139608,0.0236805553436279
-0.575594595686714,0.318022470042465,0.00631944465637207
-0.575027333140274,0.229509585643691,0.0236805553436279
-0.575024631261092,0.229488873656927,0.00631944465637207
-0.574647469857242,0.263174577993992,0.00631944465637207
-0.574647063945958,0.263196924251765,0.0236805553436279
-0.573487843133437,0.10910044291463,0.00631944465637207
-0.572831099953767,0.383625,0.00631944465637207
-0.571977134866302,0.383625,0.0236805553436279
-0.571132857113663,0.371427094889138,0.0236805553436279
-0.570176992855469,0.111298599718987,0.0236805553436279
-0.569035929061118,0.375185332140208,0.00631944465637207
-0.566058219808587,0.102375,0.0146212511799797
-0.565892674570806,0.102375,0.00631944465637207
-0.564777713758489,0.102375,0.0236805553436279
-0.564220491759388,0.360097421684521,0.0236805553436279
-0.563518151153183,0.383625,0.0149813171586638
-0.563222119358276,0.244895888210829,0.00631944465637207
-0.562470141103836,0.274988573266297,0.00631944465637207
-0.562063196867079,0.215317614339344,0.00631944465637207
-0.561982383538357,0.176521531483472,0.00631944465637207
-0.561939671181389,0.236313815638828,0.0236805553436279
-0.561787442949239,0.19838987247629,0.00631944465637207
-0.561577917339283,0.197927778406013,0.0236805553436279
-0.561562499081182,0.35271441696649,0.00631944465637207
-0.561443091410088,0.280901173692254,0.0236805553436279
-0.561061741046957,0.150883678258774,0.00631944465637207
-0.561034221799959,0.174071612427925,0.0236805553436279
-0.56102818455162,0.125705299328011,0.0236805553436279
-0.56098326835559,0.330109965587456,0.00631944465637207
-0.560944752157556,0.31513845749152,0.0236805553436279
-0.560901836762961,0.151110550815607,0.0236805553436279
-0.560795050512182,0.335458375898839,0.0236805553436279
-0.5607870704954,0.295191411397584,0.00631944465637207
-0.560412258783026,0.216985167878531,0.0236805553436279
-0.559891695700075,0.250685510567064,0.0236805553436279
-0.559868308883964,0.128567858234156,0.00631944465637207
-0.559283849544222,0.115647428659435,0.00631944465637207
-0.559251010980202,0.36910391255105,0.00631944465637207
-0.558199556632609,0.230146822992399,0.00631944465637207
-0.557651403373365,0.113999328909309,0.0236805553436279
-0.557325574256663,0.265056410133306,0.0236805553436279
-0.557091638394003,0.298575468902054,0.0236805553436279
-0.556182533384585,0.373341227410252,0.0236805553436279
-0.554584259745011,0.102375,0.0167710049810287
-0.554302233689451,0.383625,0.00631944465637206
-0.553313772373612,0.383625,0.0236805553436279
-0.552734375517924,0.102375,0.00631944465637207
-0.551375681291589,0.102375,0.0236805553436279
-0.549617001213776,0.110740981067773,0.00631944465637207
-0.548874920864337,0.110431491982951,0.0236805553436279
-0.548301253813277,0.383625,0.0149330319422482
-0.548090167306959,0.112270529642633,0.0154206361389539
-0.54728429662038,0.223605425942944,0.0236805553436279
-0.54725876528335,0.222106658470698,0.00631944465637207
-0.547151904063685,0.265390980720335,0.0150088072973141
-0.547136346584745,0.133481510390551,0.0236805553436279
-0.547128803809674,0.133325915228663,0.00631944465637207
-0.547107244884823,0.142172747521706,0.0149983315501781
-0.547067703976459,0.310222420967963,0.00631944465637207
-0.54702767463462,0.310856291154692,0.0236805553436279
-0.546906000912263,0.345414255713896,0.0236805553436279
-0.546859440517686,0.344618529186098,0.00631944465637207
-0.546827806702482,0.256207014396688,0.00631944465637207
-0.546817213997068,0.25613969547916,0.0236805553436279
-0.546737729674682,0.168369349730702,0.0236805553436279
-0.546676412369394,0.186362871337185,0.00631944465637207
-0.546623891349579,0.167661704480757,0.00631944465637207
-0.546561295450173,0.187477262573921,0.0236805553436279
-0.546467182840248,0.125604597001023,0.0149323550002449
-0.546443899587311,0.274593845771823,0.0236805553436279
-0.546436046598917,0.274651535817332,0.00631944465637207
-0.546017805630021,0.363602685448982,0.00631944465637207
-0.545899194584891,0.364171748193024,0.0236805553436279
-0.545507012951975,0.29176812095034,0.0236805553436279
-0.545503758986135,0.150680777270147,0.00631944465637207
-0.545448387504582,0.291517311087868,0.00631944465637207
-0.545423720647097,0.102375,0.0154632927284358
-0.545410355268396,0.151004434330138,0.0236805553436279
-0.545308702383258,0.205538054287957,0.0236805553436279
-0.54516933625383,0.117793777715522,0.0236805553436279
-0.545155825967882,0.117730528984965,0.00631944465637207
-0.545118273442727,0.23936749095068,0.00631944465637207
-0.544945676962254,0.204335607879926,0.00631944465637207
-0.544812082652998,0.240078226296228,0.0236805553436279
-0.544651701295972,0.28303925190165,0.0149877425723294
-0.54431027194405,0.370394707247098,0.0106464444553227
-0.544278126131773,0.328222119912692,0.00631944465637207
-0.54423897471718,0.328958715344228,0.0236805553436279
-0.544159445907556,0.15938612393838,0.0149785094248795
-0.543816177155616,0.113233035843741,0.0178809809577374
-0.543101053972028,0.373830287734842,0.0171702545171256
-0.540519165039063,0.108657592773438,0.012106481552124
-0.540519165039063,0.108657592773438,0.017893518447876
-0.540519165039062,0.108657592773438,0.00631944465637207
-0.540519165039062,0.108657592773438,0.0236805553436279
-0.540333210822155,0.102375,0.00631944465637207
-0.538770263671875,0.377277313232422,0.015
-0.538770263671875,0.377277313232422,0.00631944465637207
-0.538770263671875,0.377277313232422,0.0236805553436279
-0.538718092969933,0.102375,0.0236805553436279
-0.537429321289063,0.109109008789062,0.0178935783610845
-0.537429321289063,0.109109008789063,0.00631944465637207
-0.537429321289063,0.109109008789063,0.0236805553436279
-0.537429321289063,0.109109008789063,0.0121064216388519
-0.536166880005811,0.116568171853477,0.0149293642803621
-0.535402079750235,0.383625,0.00631944465637206
-0.535131653638485,0.370294539490014,0.0149899042766409
-0.534912654719516,0.118533803305007,0.00631944465637207
-0.534903861486377,0.124898125057491,0.0148915845014585
-0.534892187019559,0.118624682532982,0.0236805553436279
-0.534492604286062,0.31184028534448,0.00631944465637207
-0.534492585188939,0.311990745173143,0.0236805553436279
-0.534350516151258,0.16089599099511,0.0236805553436279
-0.534313282586716,0.383625,0.0236805553436279
-0.534289359799479,0.160239274984251,0.00631944465637207
-0.534044099664647,0.291313867835588,0.00631944465637207
-0.533996916980499,0.289719744584721,0.0236805553436279
-0.533806752073641,0.191299688771462,0.00631944465637207
-0.533748464638387,0.192262406799707,0.0236805553436279
-0.533664198774779,0.263626762252538,0.00631944465637207
-0.533660902536129,0.260886661050453,0.0236805553436279
-0.533527115076905,0.239431814168162,0.00631944465637207
-0.533510944946736,0.238415789944854,0.0236805553436279
-0.533385892369655,0.102375,0.014786353191006
-0.533194455730022,0.220402109533109,0.0236805553436279
-0.533188560335221,0.219910434251831,0.00631944465637207
-0.532999572104188,0.337695390070718,0.00631944465637207
-0.532983355185529,0.33785541262343,0.0236805553436279
-0.532693632542296,0.361952560697005,0.00631944465637207
-0.532668045020625,0.361802847038125,0.0236805553436279
-0.532542737893615,0.134925015206517,0.00631944465637207
-0.532524936087321,0.135243154899349,0.0236805553436279
-0.529839285786789,0.113651363460017,0.0136952017074672
-0.527866414488948,0.102375,0.00631944465637207
-0.5256438284264,0.373280067832001,0.0236805553436279
-0.525625778476433,0.102375,0.0236805553436279
-0.525271377595211,0.374187859240908,0.00631944465637207
-0.524249231092748,0.111881388237818,0.00631944465637207
-0.522470434474458,0.111761166916521,0.0236805553436279
-0.521929010568341,0.102375,0.0144866326190331
-0.521230702224302,0.227175198772688,0.0236805553436279
-0.520258552830325,0.343535084907845,0.00631944465637207
-0.519326810864481,0.306774494096478,0.0236805553436279
-0.51916760040667,0.227340385811829,0.00631944465637207
-0.518784912654334,0.30627132056099,0.00631944465637207
-0.518581531839837,0.252551920000141,0.0236805553436279
-0.518492512503811,0.273728800877735,0.00631944465637207
-0.518469254957295,0.212433869220496,0.0236805553436279
-0.51835010459082,0.154541504764776,0.0236805553436279
-0.518263853211775,0.332248655213148,0.0236805553436279
-0.518094445065594,0.12657125966014,0.00631944465637207
-0.517574537066459,0.325112727748956,0.00631944465637207
-0.517354544455494,0.149440647754387,0.00631944465637207
-0.517325722339135,0.271535967674661,0.0236805553436279
-0.517322556380149,0.355179311313328,0.0236805553436279
-0.51728112595225,0.249718959322478,0.00631944465637207
-0.51713587571921,0.208081050036195,0.00631944465637207
-0.516736042100312,0.35852237071095,0.00631944465637207
-0.516710768742703,0.172305986034066,0.00631944465637207
-0.516677298816722,0.177938550193342,0.0236805553436279
-0.516591025856856,0.127828464509611,0.0236805553436279
-0.515646597210563,0.238121307299288,0.0236805553436279
-0.515449434749686,0.383625,0.00631944465637207
-0.514753641149955,0.191573993079394,0.00631944465637207
-0.514261028441479,0.288912499431042,0.0236805553436279
-0.514177203161251,0.383625,0.0236805553436279
-0.513751943610991,0.291410611851183,0.00631944465637207
-0.513582951112082,0.113891387182871,0.00631944465637207
-0.513522465983781,0.375835769704278,0.0140678278444475
-0.513367349845734,0.196511880103333,0.0236805553436279
-0.51305968568978,0.102375,0.00631944465637207
-0.510933803574387,0.37166553256621,0.0236805553436279
-0.51031846483047,0.113984328065755,0.0236805553436279
-0.509532992767264,0.112824683094757,0.0159594521971199
-0.509451628723805,0.102375,0.0236805553436279
-0.509434071871053,0.367180185214371,0.0159711029318857
-0.505939907091172,0.374016398983639,0.017782012734773
-0.50539032309424,0.383625,0.0147685549873517
-0.504857896752546,0.380312235102955,0.0178694021479211
-0.504813400469749,0.217402439538179,0.00631944465637207
-0.504745445360278,0.2269354076707,0.0236805553436279
-0.504725174444533,0.266920422593219,0.00631944465637207
-0.504714770906618,0.260864974013001,0.0236805553436279
-0.504641570721019,0.34824309542675,0.0236805553436279
-0.504579119556292,0.183165833088655,0.00631944465637207
-0.504564309332204,0.350042731146865,0.00631944465637207
-0.504553528727085,0.314228462095609,0.0236805553436279
-0.504217272102651,0.110295350380913,0.00631944465637206
-0.504208171650735,0.299486218191815,0.00631944465637207
-0.503837070731985,0.318048088403875,0.00631944465637207
-0.503703421468974,0.169515983059247,0.0236805553436279
-0.503265572660883,0.191094719648881,0.0236805553436279
-0.503245888853603,0.295259832258173,0.0236805553436279
-0.503117384657025,0.208577419709357,0.0236805553436279
-0.503020202846973,0.234670794763961,0.00631944465637207
-0.502802577339363,0.250375927671631,0.00631944465637207
-0.502714793431825,0.278339047899284,0.0236805553436279
-0.502543947269756,0.371673452082486,0.0193431892687894
-0.502476993193171,0.160156559534354,0.00631944465637207
-0.502468481530281,0.374426397227803,0.02149825881506
-0.502258062250753,0.137523075520698,0.00631944465637207
-0.50221423763009,0.365729453806446,0.0236805553436279
-0.502120272966661,0.142239442070903,0.0236805553436279
-0.50209001969549,0.374464426701632,0.0128112877789654
-0.502087020697618,0.366501314871434,0.00631944465637207
-0.501970404002845,0.333783756205566,0.00631944465637207
-0.501879465632345,0.120385230963765,0.0236805553436279
-0.5018742789189,0.111545904576759,0.0128281086313437
-0.501805135709223,0.119599012161823,0.00631944465637207
-0.501475844988606,0.114349294400818,0.0193436358014169
-0.501395631192028,0.331616803787803,0.0236805553436279
-0.50134862114461,0.28322757885596,0.00631944465637207
-0.501188638227662,0.244045114675971,0.0236805553436279
-0.501101888629418,0.200365624140546,0.00631944465637207
-0.501074275930208,0.110129514888541,0.0182532945181693
-0.500642565387373,0.375892024452913,0.0182461333991624
-0.499855251241024,0.102375,0.0148401038460883
-0.497103187896132,0.383625,0.00631944465637207
-0.496814887064322,0.102375,0.00631944465637207
-0.495355865478516,0.108657592773438,0.00631944465637207
-0.495355865478516,0.108657592773438,0.0236805553436279
-0.495355865478516,0.377342407226562,0.00631944465637207
-0.495355865478516,0.377342407226562,0.0236805553436279
-0.495355865478516,0.108657592773438,0.015
-0.495355865478516,0.377342407226562,0.015
-0.494878090048648,0.383625,0.0236805553436279
-0.491851258446346,0.102375,0.0236805553436279
-0.491668572555429,0.28740825458589,0.00631944465637207
-0.491664942594565,0.197961486549789,0.0236805553436279
-0.491426766156437,0.196293914896425,0.00631944465637207
-0.491402603405552,0.288868684551561,0.0236805553436279
-0.490895491070279,0.324134230081745,0.0236805553436279
-0.490768632039931,0.14887138808658,0.0236805553436279
-0.490722716278319,0.147251180560768,0.00631944465637207
-0.49048216389463,0.322355996794892,0.00631944465637207
-0.49029498315411,0.235417751579997,0.0236805553436279
-0.490087031233189,0.123869616215588,0.00631944465637207
-0.490086997299888,0.123870691910448,0.0236805553436279
-0.489952972770613,0.233564700449568,0.00631944465637207
-0.489893445560945,0.250097983151183,0.00631944465637207
-0.489514243402201,0.360743294608005,0.0236805553436279
-0.489393257069319,0.251780982442222,0.0236805553436279
-0.489367309988862,0.359673034376941,0.00631944465637207
-0.489336111569668,0.174951803857867,0.00631944465637207
-0.489237214363116,0.271362544360382,0.0236805553436279
-0.489213550823144,0.177843563789764,0.0236805553436279
-0.489116293602413,0.102375,0.0138986528534043
-0.489109703360332,0.339339350321596,0.00631944465637207
-0.489001108212952,0.269049110485363,0.00631944465637207
-0.488838764673798,0.341028284988792,0.0236805553436279
-0.488662334722701,0.213827848130111,0.00631944465637207
-0.488582030573565,0.305735409430083,0.0236805553436279
-0.488540520630805,0.216168615958193,0.0236805553436279
-0.488508321758815,0.303707547312234,0.00631944465637207
-0.484486752344783,0.112401595409167,0.0236805553436279
-0.480888086539348,0.114220675837714,0.00631944465637206
-0.480392174400919,0.245266057886888,0.00631944465637207
-0.480247440476516,0.376546317398017,0.0236805553436279
-0.479944298811463,0.27995656774839,0.00631944465637207
-0.47897480258436,0.312898102266764,0.00631944465637207
-0.478922512768526,0.182872825492057,0.00631944465637207
-0.47833757696776,0.102375,0.00631944465637207
-0.477910480320108,0.383625,0.00631944465637207
-0.477666361427035,0.261783440508399,0.00631944465637207
-0.477514469383919,0.256118385648734,0.0236805553436279
-0.477382848548175,0.323956333488128,0.0236805553436279
-0.477089790700725,0.295542150335368,0.00631944465637207
-0.476995475999735,0.225720345951971,0.00631944465637207
-0.476973206918698,0.356807549487496,0.0236805553436279
-0.476362110156479,0.235339061784613,0.0236805553436279
-0.476266350707487,0.202209243521032,0.00631944465637207
-0.476231649963433,0.373321035269221,0.00631944465637207
-0.476090646386422,0.290340723956682,0.0236805553436279
-0.47594965799868,0.102375,0.0153307872071322
-0.475568236430738,0.162377349141215,0.00631944465637206
-0.47551365228109,0.195077600852245,0.0236805553436279
-0.475507371796284,0.332072278532051,0.00631944465637207
-0.474932781706821,0.170464328053739,0.0236805553436279
-0.474661014264221,0.383625,0.0236805553436279
-0.474594217509947,0.138775738664749,0.00631944465637206
-0.473927004572811,0.122859376297104,0.00631944465637206
-0.472906835556303,0.131489709166969,0.0236805553436279
-0.472565313758806,0.358017474307464,0.00631944465637207
-0.472488280196829,0.119933693545507,0.0236805553436279
-0.472299407918786,0.102375,0.0236805553436279
-0.466749277077448,0.113188562618165,0.00631944465637206
-0.464622455538329,0.369563108291839,0.00631944465637207
-0.46399771672321,0.383625,0.0151558363993787
-0.463988306688434,0.3766177436887,0.0236805553436279
-0.461623792170673,0.102375,0.0159369330453742
-0.460432171665544,0.102375,0.00631944465637207
-0.460309231984753,0.33913294162784,0.0236805553436279
-0.460241570962829,0.362218764512468,0.0236805553436279
-0.460212518193319,0.110063395947165,0.0181545452006853
-0.459689742679921,0.180710166559181,0.00631944465637207
-0.459689383280714,0.181212503515465,0.0236805553436279
-0.459674236336479,0.383625,0.00631944465637207
-0.459633133674001,0.27825577359947,0.0236805553436279
-0.459591506788841,0.341129204923947,0.00631944465637207
-0.459566514002601,0.27986639839842,0.00631944465637207
-0.459560721317379,0.247138400883438,0.00631944465637207
-0.459554186504505,0.246114096713003,0.0236805553436279
-0.4593914048245,0.149872978079485,0.00631944465637207
-0.459389268787308,0.150051485770038,0.0236805553436279
-0.459337522738274,0.213482102532365,0.00631944465637207
-0.459314966451771,0.21361166454115,0.0236805553436279
-0.459144120915404,0.36333426177489,0.00631944465637207
-0.45912579267171,0.311409584489494,0.00631944465637207
-0.458716544472519,0.310109406448404,0.0236805553436279
-0.458122918498102,0.371391716823404,0.0149967487482493
-0.457238398906688,0.125380966650243,0.00631944465637207
-0.457223429730568,0.125265891057765,0.0236805553436279
-0.456560857564575,0.383625,0.0236805553436279
-0.455717657618279,0.115343285036117,0.0149948582572155
-0.454871002197266,0.108657592773438,0.00631944465637207
-0.454871002197266,0.108657592773438,0.0236805553436279
-0.454871002197266,0.108657592773438,0.015
-0.454280670166016,0.377277313232422,0.00631944465637207
-0.454280670166016,0.377277313232422,0.0236805553436279
-0.454280670166016,0.377277313232422,0.015
-0.454232135839495,0.102375,0.0236805553436279
-0.451861530642994,0.383625,0.0147112697936454
-0.450906894798367,0.102375,0.0140991929801846
-0.449962672029386,0.111626429358603,0.0127957399555913
-0.448879391326831,0.156427229939117,0.0236805553436279
-0.448878376871345,0.156417015590193,0.00631944465637207
-0.448757223337986,0.114479869091926,0.0192597368286677
-0.448592593402711,0.198815495954545,0.0149850233482279
-0.448203663454749,0.240049820763881,0.0236805553436279
-0.448193087127271,0.240024396390432,0.00631944465637207
-0.44754538700226,0.309821981284173,0.00631944465637207
-0.447544235649043,0.309890853780419,0.0236805553436279
-0.44739043995951,0.120430407322164,0.00631944465637207
-0.447390054191508,0.120432659432693,0.0236805553436279
-0.447194571055867,0.364715483277583,0.0236805553436279
-0.447192987356065,0.364704383252876,0.00631944465637207
-0.447149633766549,0.207243194804395,0.00631944465637207
-0.447144227001779,0.207266826562415,0.0236805553436279
-0.446910527952604,0.190458725528084,0.0236805553436279
-0.446906743554047,0.190439243923,0.00631944465637207
-0.446881719014565,0.279554954000336,0.0236805553436279
-0.446877230711871,0.279495522419788,0.00631944465637207
-0.446740910892261,0.232367532568492,0.0149998866173409
-0.446738233541916,0.341404769797479,0.00631944465637207
-0.446737401740397,0.341449110192825,0.0236805553436279
-0.446335194853995,0.256113831496166,0.00631944465637207
-0.446328616284438,0.256150185700843,0.0236805553436279
-0.445951777943165,0.139238457122125,0.0236805553436279
-0.445951123601774,0.139230467495393,0.00631944465637207
-0.445940687056456,0.224703551932794,0.0236805553436279
-0.44593859134327,0.22467498579294,0.00631944465637207
-0.445876976084562,0.172732003271478,0.00631944465637207
-0.445875354893133,0.172746560316105,0.0236805553436279
-0.445779026345128,0.215917025175804,0.0149977237705541
-0.442961289063653,0.102375,0.00631944465637207
-0.442030316905543,0.383625,0.00631944465637207
-0.441699722332709,0.114605210835361,0.00631944465637206
-0.439743393758194,0.12036826549264,0.0151712897320216
-0.438112216231758,0.383625,0.0236805553436279
-0.435279787541317,0.126623251260262,0.00631944465637206
-0.433737191762495,0.102375,0.0236805553436279
-0.432762873746554,0.351093946106423,0.0236805553436279
-0.432543365645683,0.269336114063184,0.00631944465637207
-0.432519155936638,0.147318018937059,0.0236805553436279
-0.432507107682891,0.180950507373581,0.00631944465637206
-0.432358642434375,0.16391219382534,0.0236805553436279
-0.432290144077358,0.249482519192318,0.00631944465637207
-0.432184937239034,0.216264055978383,0.00631944465637206
-0.432128648119121,0.198512705407905,0.00631944465637206
-0.431881931230271,0.181436227638907,0.0236805553436279
-0.431820561739611,0.261901911813971,0.0236805553436279
-0.431817928054298,0.233406919458603,0.00631944465637206
-0.431710943740383,0.333798539576432,0.00631944465637207
-0.431639943709004,0.199294574877166,0.0236805553436279
-0.431500189035197,0.217025372935689,0.0236805553436279
-0.431432642521891,0.293701421733083,0.00631944465637207
-0.431418783607019,0.146251941538402,0.00631944465637206
-0.431406649020572,0.355234638188566,0.00631944465637207
-0.431394227156751,0.293752707952976,0.0236805553436279
-0.431151092356989,0.16335956939001,0.00631944465637206
-0.430736380263654,0.248634706860323,0.0236805553436279
-0.430482275178651,0.128799833548216,0.0236805553436279
-0.430213673916657,0.233598059600346,0.0236805553436279
-0.429842216503398,0.3709051256706,0.0236805553436279
-0.429331515518179,0.329078228354983,0.0236805553436279
-0.4283865666061,0.314414499082317,0.00631944465637207
-0.427376247567973,0.11269202178147,0.00631944465637206
-0.426115853133365,0.371471588419682,0.00631944465637207
-0.425599817831405,0.363403130006906,0.0146896393386737
-0.422942209651853,0.113885578663467,0.0236805553436279
-0.422753458272749,0.102375,0.00631944465637207
-0.421736408438776,0.374178454164369,0.0161624549427256
-0.421151877637166,0.383625,0.00631944465637207
-0.418287888940921,0.310102109378344,0.00631944465637207
-0.418285751639451,0.138735921739449,0.00631944465637207
-0.418278796111349,0.138969349916781,0.0236805553436279
-0.41823787614902,0.311598714826474,0.0236805553436279
-0.418226738424848,0.346730286286794,0.0236805553436279
-0.418165482793585,0.345310765010368,0.00631944465637207
-0.418164745353142,0.173131003468828,0.0236805553436279
-0.41804918901981,0.224872530152537,0.00631944465637207
-0.417938692173732,0.171353112997251,0.00631944465637207
-0.417903443373422,0.226562430431559,0.0236805553436279
-0.417797828252192,0.259138869998092,0.0236805553436279
-0.417656692917289,0.257465126350251,0.00631944465637207
-0.417370397273378,0.383625,0.0236805553436279
-0.417253850368335,0.189534322831591,0.00631944465637207
-0.417243913705684,0.275935278269712,0.00631944465637207
-0.417139038069134,0.208565059851344,0.0236805553436279
-0.417018029918103,0.294191241513432,0.0236805553436279
-0.416935752854621,0.191207941280126,0.0236805553436279
-0.416935388610175,0.277447186429928,0.0236805553436279
-0.416888179618252,0.364212892014346,0.00631944465637207
-0.416863814663809,0.292788282740517,0.00631944465637207
-0.416809576695075,0.364812221623643,0.0236805553436279
-0.416762186244464,0.206868150471417,0.00631944465637207
-0.416646980175959,0.120449511047414,0.00631944465637207
-0.416638513959783,0.1204017180923,0.0236805553436279
-0.415502273393137,0.32895866376106,0.0236805553436279
-0.415494629986541,0.327503793296673,0.00631944465637207
-0.415374665426749,0.241037407380243,0.00631944465637207
-0.415312882090516,0.155314851459551,0.00631944465637207
-0.415281476730969,0.370710404968384,0.0106594767507672
-0.415185340253971,0.114463635768051,0.0105919500865069
-0.415144130243217,0.156263076943763,0.0236805553436279
-0.415044763815701,0.242441238800246,0.0236805553436279
-0.413998249584541,0.111587602003552,0.0171735082397758
-0.413984912934532,0.373984288143174,0.0171698347822742
-0.413818723952337,0.102375,0.0236805553436279
-0.413095739416718,0.375622782811303,0.011744487868285
-0.409719329833984,0.377277313232422,0.00631944465637207
-0.409719329833984,0.377277313232422,0.0236805553436279
-0.409719329833984,0.377277313232422,0.015
-0.409128997802734,0.108657592773438,0.015
-0.409128997802734,0.108657592773438,0.00631944465637207
-0.409128997802734,0.108657592773438,0.0236805553436279
-0.407300597902506,0.383625,0.0152324694738894
-0.407160974222842,0.126059349726667,0.00631944465637207
-0.407160877008836,0.126060438659351,0.0236805553436279
-0.406546865384078,0.371229263426392,0.0150051039665237
-0.405970071725571,0.311089583374625,0.00631944465637207
-0.405969929143097,0.311097644452537,0.0236805553436279
-0.40589264542087,0.102375,0.00631944465637207
-0.405653305306898,0.196685292451635,0.0236805553436279
-0.40565271175082,0.196682296351655,0.00631944465637207
-0.405355061592405,0.24752155306297,0.00631944465637207
-0.405353652305562,0.247527252646268,0.0236805553436279
-0.405310812805429,0.290416544615246,0.0236805553436279
-0.405310052564852,0.290407364655443,0.00631944465637207
-0.404659336758019,0.151985193551489,0.00631944465637207
-0.404658947563975,0.151988201406071,0.0236805553436279
-0.404599820496504,0.205302405836949,0.0150705900193067
-0.404351135477997,0.235957533007587,0.0150017593741417
-0.404080192115024,0.33707055791949,0.00631944465637207
-0.404079249758066,0.337079085700908,0.0236805553436279
-0.403834524166623,0.191284879314753,0.0149927122719864
-0.403768868035925,0.22157641893549,0.0150071776505889
-0.403670181932438,0.361447687604848,0.0236805553436279
-0.403669756861581,0.361445138001497,0.00631944465637207
-0.403559596942957,0.383625,0.00631944465637207
-0.403450369928875,0.231300129502884,0.0236805553436279
-0.403449489485527,0.231295103661403,0.00631944465637207
-0.40320781092146,0.212837314909704,0.00631944465637207
-0.403207107780437,0.212842033557619,0.0236805553436279
-0.402675334019856,0.266712542023223,0.0236805553436279
-0.402674799255372,0.266703098147158,0.00631944465637207
-0.401971729847414,0.178571659060442,0.0236805553436279
-0.401971637074707,0.178568252319707,0.00631944465637207
-0.400182948987702,0.383625,0.0236805553436279
-0.399282031053571,0.11191413003388,0.00631944465637206
-0.397360969187559,0.370026815089064,0.0236805553436279
-0.396582402768509,0.102375,0.0236805553436279
-0.395572764452066,0.383625,0.0148554606071381
-0.395479206103886,0.369877167419801,0.00631944465637207
-0.393158624375211,0.304141187054496,0.00631944465637207
-0.391808895761252,0.304604065731825,0.0236805553436279
-0.390007249854268,0.205070231763115,0.00631944465637207
-0.389918091254367,0.205118829543592,0.0236805553436279
-0.389762117676322,0.258996644917335,0.00631944465637207
-0.389697600208161,0.347769859749729,0.0236805553436279
-0.389693566591927,0.351470646631884,0.00631944465637207
-0.389448657722395,0.323629164286913,0.00631944465637207
-0.389407095435624,0.362735165872147,0.0236805553436279
-0.389397879211801,0.223128544893073,0.00631944465637207
-0.389343972632245,0.163380373666036,0.00631944465637206
-0.389188483900373,0.169357608478275,0.0236805553436279
-0.389064816875849,0.131989857986754,0.0236805553436279
-0.38904632208139,0.259142551242319,0.0236805553436279
-0.389027544392676,0.223687886364875,0.0236805553436279
-0.388915803595635,0.241606626620464,0.00631944465637207
-0.388827077682277,0.241451570440253,0.0236805553436279
-0.388793967686395,0.277717004723866,0.00631944465637207
-0.388751728608722,0.138625544065234,0.00631944465637206
-0.388401628292009,0.187578674707701,0.0236805553436279
-0.387985303727713,0.185086056183207,0.00631944465637207
-0.387560158730494,0.118796399001145,0.00631944465637206
-0.387532390117461,0.277830078718356,0.0236805553436279
-0.38736795796951,0.323929295103708,0.0236805553436279
-0.387133688275023,0.293026528632699,0.00631944465637207
-0.387014023286317,0.116617639153066,0.0236805553436279
-0.387012956052097,0.102375,0.00631944465637207
-0.385892632581589,0.293078231682284,0.0236805553436279
-0.385225419356479,0.373249922961741,0.0236805553436279
-0.384732724232944,0.383625,0.00631944465637207
-0.381228819461685,0.383625,0.0236805553436279
-0.376503944174763,0.102375,0.0236805553436279
-0.37547631586822,0.304264554515745,0.00631944465637207
-0.375456523388537,0.216109675005804,0.0236805553436279
-0.375429603922268,0.215343060189761,0.00631944465637207
-0.375421932308911,0.305650043434891,0.0236805553436279
-0.375163208192201,0.341029747511788,0.0236805553436279
-0.374936845620506,0.339582062968963,0.00631944465637207
-0.37490402235926,0.270035203245868,0.00631944465637207
-0.374770827254073,0.177795937909282,0.0236805553436279
-0.374770787184254,0.271291345498389,0.0236805553436279
-0.374754116893233,0.177232493337757,0.00631944465637207
-0.374595357400928,0.359842472104716,0.00631944465637207
-0.374591384890925,0.251721521129823,0.0236805553436279
-0.374463234108484,0.360778730208498,0.0236805553436279
-0.374373744793674,0.250939257983836,0.00631944465637207
-0.373912718213066,0.123861588758133,0.0236805553436279
-0.373908370570439,0.123727182471497,0.00631944465637207
-0.373852702350821,0.2346387323011,0.00631944465637207
-0.373716898873632,0.235355843498058,0.0236805553436279
-0.373433177290294,0.322717869077242,0.00631944465637207
-0.373245120110892,0.148395207468385,0.00631944465637207
-0.373233761739137,0.14883800443549,0.0236805553436279
-0.373123793009793,0.324049722950183,0.0236805553436279
-0.372583317396761,0.288815639673883,0.0236805553436279
-0.37239535466645,0.287920309067179,0.00631944465637207
-0.37237575167549,0.19749636226862,0.00631944465637207
-0.372327084748435,0.197925410230944,0.0236805553436279
-0.368644134521484,0.108657592773438,0.00631944465637207
-0.368644134521484,0.108657592773438,0.0236805553436279
-0.368644134521484,0.108657592773438,0.015
-0.368644134521484,0.377342407226562,0.015
-0.368644134521484,0.377342407226562,0.00631944465637207
-0.368644134521484,0.377342407226562,0.0236805553436279
-0.367982703817815,0.102375,0.00631944465637207
-0.36478886240242,0.383625,0.00631944465637208
-0.363015694778693,0.383625,0.0236805553436279
-0.362832980435932,0.24382744791747,0.00631944465637207
-0.362686910887534,0.244923682929546,0.0236805553436279
-0.362588994152324,0.331467934045293,0.00631944465637207
-0.362340954207454,0.332470195805398,0.0236805553436279
-0.362321294819739,0.111762347431041,0.0127538765375365
-0.362129155552892,0.114656844179939,0.0193230310451488
-0.362123202205902,0.120355871691453,0.00631944465637207
-0.362097828311992,0.120638916386359,0.0236805553436279
-0.362002972535262,0.37440213370107,0.0127497199680657
-0.361909819205486,0.143275838683,0.0236805553436279
-0.361884707858065,0.366234677684421,0.0236805553436279
-0.361876419860967,0.142128160252854,0.00631944465637207
-0.36182313107228,0.365842555366558,0.00631944465637207
-0.361672218811084,0.374468191065148,0.0214632002738165
-0.361504419008542,0.279082250594661,0.0236805553436279
-0.361387307190866,0.371706394293134,0.0193004417242955
-0.361207217725066,0.278068968248902,0.00631944465637207
-0.361062663320132,0.192150744599672,0.0236805553436279
-0.360921537477716,0.208440052223571,0.00631944465637207
-0.360830444721286,0.294965026489037,0.00631944465637207
-0.360774996065161,0.25272953669537,0.0149223724025972
-0.360759002345486,0.357448040792136,0.0150650450262223
-0.360699152785948,0.190974715198315,0.00631944465637207
-0.360626068808678,0.209518666391016,0.0236805553436279
-0.360598904157552,0.269927913571135,0.0149898804210876
-0.360528686400062,0.296067230691684,0.0236805553436279
-0.360317178601779,0.16936361276942,0.00631944465637207
-0.36027026132333,0.218153141347748,0.0150128858778733
-0.360100779696205,0.171004998430749,0.0236805553436279
-0.359595695104292,0.349390018956971,0.0236805553436279
-0.359558515300257,0.34836748738094,0.00631944465637207
-0.359482301338989,0.315010572466163,0.0236805553436279
-0.359416404177737,0.109704376244646,0.00631944465637206
-0.359387840439133,0.227937895091114,0.0236805553436279
-0.359310460189525,0.313926157716176,0.00631944465637207
-0.359304292087544,0.260601031361417,0.00631944465637207
-0.359263309890135,0.102375,0.0236805553436279
-0.35923593353567,0.261774298811948,0.0236805553436279
-0.359232487302311,0.226748433671022,0.00631944465637207
-0.354778112034662,0.374551246239349,0.00631944465637207
-0.354334456822389,0.383625,0.0153859721311397
-0.351918695397487,0.102375,0.00631944465637207
-0.351631596005428,0.371928906275121,0.0236805553436279
-0.351444257345171,0.249315517562945,0.00631944465637207
-0.351013701675227,0.273526103032768,0.0236805553436279
-0.350800649290868,0.339742190996292,0.0236805553436279
-0.350072667981975,0.114651760274971,0.0236805553436279
-0.349683308152201,0.216237481673423,0.00631944465637207
-0.349258766681664,0.30881713991793,0.0236805553436279
-0.349022390552362,0.363584353631159,0.00631944465637207
-0.348395898259475,0.11318800409598,0.00631944465637207
-0.347965591860484,0.254439719955574,0.0236805553436279
-0.347821048965307,0.29005497473598,0.0236805553436279
-0.347633429215759,0.3557615794014,0.0236805553436279
-0.347532860991051,0.186707241195422,0.0236805553436279
-0.347509733113429,0.233405269310539,0.00631944465637207
-0.347293483147667,0.323686714184704,0.0236805553436279
-0.347031240752505,0.175217899138459,0.00631944465637207
-0.346504602398427,0.198907106171252,0.00631944465637207
-0.346337436633492,0.262837020618204,0.00631944465637207
-0.346062452698091,0.34332178355165,0.00631944465637207
-0.34585507830538,0.232900699318205,0.0236805553436279
-0.345806407305514,0.294791042769659,0.00631944465637207
-0.345669010404866,0.151836202995527,0.00631944465637207
-0.345619205954611,0.208932661297614,0.0236805553436279
-0.345587309804192,0.147336430507903,0.0236805553436279
-0.345417696125083,0.383625,0.00631944465637207
-0.345224773878698,0.383625,0.0236805553436279
-0.345164920004463,0.322322789939287,0.00631944465637207
-0.344790541834264,0.102375,0.0143630773490504
-0.34362987186651,0.124748586060516,0.0236805553436279
-0.34267446977458,0.102375,0.0236805553436279
-0.341824245549275,0.127758210348341,0.00631944465637207
-0.338239350301489,0.37623171656552,0.00631944465637207
-0.337382689164287,0.102375,0.00631944465637207
-0.337075263635469,0.113561779617788,0.00631944465637207
-0.335568246721366,0.375642499892085,0.0236805553436279
-0.333523580959131,0.102375,0.0147259493955308
-0.332720146766075,0.106583720951645,0.0169353773697244
-0.331978553523391,0.110378589690376,0.0111531792034929
-0.33123224138477,0.36237566346509,0.00631944465637207
-0.331064265231427,0.165637672235344,0.0236805553436279
-0.330999499332634,0.109607821245982,0.0236805553436279
-0.330970166106214,0.338885208092366,0.00631944465637207
-0.330662630605449,0.189510654233345,0.00631944465637207
-0.330651013099803,0.159583383744477,0.00631944465637207
-0.33064869798396,0.278326934416945,0.00631944465637207
-0.330561888929397,0.276119195996569,0.0236805553436279
-0.330550039905091,0.339858485758973,0.0236805553436279
-0.330520026071475,0.363289500326125,0.0236805553436279
-0.33046293298513,0.247024358090167,0.00631944465637207
-0.330413213469879,0.194435638039079,0.0236805553436279
-0.330372086002364,0.242254918323301,0.0236805553436279
-0.330210077225151,0.308662363091899,0.0236805553436279
-0.329971670899039,0.213849279677437,0.0236805553436279
-0.329954559244504,0.216575341556454,0.00631944465637207
-0.329813998839599,0.30929712515183,0.00631944465637207
-0.329596257153812,0.370877198527685,0.0145250653152903
-0.328661126649085,0.136742062488184,0.0236805553436279
-0.328660093881806,0.102375,0.0236805553436279
-0.328489329458009,0.134533061523926,0.00631944465637207
-0.328192424849885,0.106669408576658,0.0103861524551339
-0.327822720942955,0.124991141050709,0.014552164469748
-0.327340790697052,0.119246342517681,0.0236805553436279
-0.327291290300788,0.118581407686717,0.00631944465637207
-0.327132468030439,0.116238320714715,0.0169607719439449
-0.326922077217845,0.107013290922112,0.0236805553436279
-0.326839054514148,0.112509802961241,0.0121049166254686
-0.326570709228516,0.109109008789063,0.00631944465637207
-0.326570709228516,0.109109008789063,0.0236805553436279
-0.326570709228516,0.109109008789063,0.012106481552124
-0.326570709228516,0.109109008789063,0.017893518447876
-0.326359219676066,0.106607106437859,0.01969373668422
-0.325968542653936,0.383625,0.0236805553436279
-0.325469139912515,0.383625,0.00631944465637208
-0.325229736328125,0.377277313232422,0.00631944465637207
-0.325229736328125,0.377277313232422,0.0236805553436279
-0.325229736328125,0.377277313232422,0.015
-0.324778303184214,0.102375,0.00631944465637207
-0.323480865478516,0.108657592773438,0.017893518447876
-0.323480865478516,0.108657592773438,0.00631944465637207
-0.323480865478516,0.108657592773438,0.012106481552124
-0.323480865478516,0.108657592773438,0.0236805553436279
-0.323254788157618,0.105930707131829,0.0135847299817328
-0.321710744908746,0.106589547341638,0.0236805553436279
-0.321102245812726,0.374342124266207,0.0171710094070252
-0.320081335115915,0.10605665620932,0.0106058115307534
-0.320061674981429,0.371387350087437,0.0106848711175934
-0.319947448486272,0.102375,0.014860149566037
-0.319625088771568,0.330524814156278,0.00631944465637207
-0.319368936560602,0.160564848511735,0.0149428126943555
-0.319354365223823,0.240453241623616,0.0236805553436279
-0.319298075079313,0.196153953918236,0.0150675387949786
-0.319241668765663,0.332570734506107,0.0236805553436279
-0.319031829468772,0.23972725933297,0.00631944465637207
-0.31893926912216,0.20475708300649,0.00631944465637207
-0.318852952391692,0.205096025549731,0.0236805553436279
-0.318834278236364,0.15186776128783,0.0236805553436279
-0.318804165615775,0.151759998974257,0.00631944465637207
-0.318798969186425,0.117942770497721,0.00631944465637207
-0.318798298302416,0.117945952101162,0.0236805553436279
-0.318566218776618,0.366208001355171,0.0236805553436279
-0.318407983769127,0.36553955608233,0.00631944465637207
-0.318150254245532,0.293234940800017,0.00631944465637207
-0.318011093271506,0.277044627380117,0.0236805553436279
-0.317770899856521,0.295004003124704,0.0236805553436279
-0.317642531631883,0.275429717251909,0.00631944465637207
-0.31735992808982,0.187693003104904,0.0236805553436279
-0.317333586646105,0.187385557759873,0.00631944465637207
-0.317305051370436,0.213820446339922,0.0149599220945331
-0.31729362475939,0.256840861197935,0.00631944465637207
-0.317178512823426,0.313965771307737,0.0236805553436279
-0.317156745908976,0.169081329934599,0.00631944465637207
-0.317147824439096,0.258394351329347,0.0236805553436279
-0.317128052869926,0.169307809131588,0.0236805553436279
-0.317065350417587,0.311931376294228,0.00631944465637207
-0.317027811148554,0.358014591984177,0.0149467858625597
-0.316978830997436,0.143032468039083,0.0149997099893297
-0.316864563140672,0.348624824208541,0.00631944465637207
-0.316834761889333,0.134135782605129,0.00631944465637207
-0.316832620525848,0.134188921879553,0.0236805553436279
-0.316779331550839,0.350525096304413,0.0236805553436279
-0.316776141950573,0.17834474226995,0.0149564385237493
-0.316702094369442,0.222571677322241,0.00631944465637207
-0.316697005917101,0.222999931976865,0.0236805553436279
-0.316602510650597,0.110741601122202,0.0236805553436279
-0.315924776908472,0.102375,0.0236805553436279
-0.315772529081282,0.376207345360777,0.00631944465637207
-0.314065969241223,0.108657328325404,0.0163209846346099
-0.312803589436737,0.383625,0.0151696719358638
-0.312410819682124,0.102375,0.00631944465637207
-0.310609378797414,0.372283860382762,0.0236805553436279
-0.309195363150443,0.245939113226905,0.00631944465637207
-0.308253048795373,0.383625,0.0236805553436279
-0.307285604648196,0.318880619489009,0.00631944465637207
-0.307278872182216,0.285757226068859,0.0236805553436279
-0.307124716546848,0.163152761418369,0.00631944465637207
-0.306749539999438,0.383625,0.00631944465637208
-0.306617056406225,0.163748217950396,0.0236805553436279
-0.306565786773272,0.345515259673986,0.0236805553436279
-0.306181517044249,0.102375,0.0148627384011551
-0.305767145829236,0.121151027160189,0.0236805553436279
-0.305283243344863,0.302007799381217,0.00631944465637207
-0.304728178451178,0.304379972434762,0.0236805553436279
-0.30417949553454,0.258637486104678,0.00631944465637207
-0.304083037024485,0.360020438159268,0.0236805553436279
-0.303967469940635,0.336904980004776,0.00631944465637207
-0.303927306527656,0.371368430779414,0.00631944465637207
-0.303858098463977,0.110324914925856,0.00631944465637207
-0.303755651370828,0.231893039289428,0.00631944465637207
-0.303585387245459,0.326327461651642,0.0236805553436279
-0.303521471174674,0.144851315647411,0.00631944465637207
-0.303513416537402,0.270131614982933,0.0236805553436279
-0.303363839972535,0.355431894664377,0.00631944465637207
-0.303260201217122,0.215830305317235,0.0236805553436279
-0.30324754857053,0.250959096936255,0.0236805553436279
-0.303238310860487,0.178032760233821,0.00631944465637207
-0.303049598559669,0.215095969477808,0.00631944465637207
-0.302885298339801,0.279250806134363,0.00631944465637207
-0.302749846839537,0.178040895715274,0.0236805553436279
-0.302672139416964,0.102375,0.0236805553436279
-0.302629963171802,0.196814249837801,0.00631944465637207
-0.302513732463408,0.196913220717704,0.0236805553436279
-0.302354012263449,0.234653432198094,0.0236805553436279
-0.302347036369734,0.144709894941132,0.0236805553436279
-0.300247941476588,0.11076864093781,0.0236805553436279
-0.299817858202285,0.124218739380508,0.00631944465637207
-0.299216886097991,0.102375,0.00631944465637207
-0.298623544877371,0.383625,0.0149787168011843
-0.296618264397706,0.218084374031149,0.015964506149292
-0.295534226476205,0.373575530950439,0.0236805553436279
-0.292778490605549,0.111453911022834,0.00631944465637207
-0.291796610530147,0.102375,0.0148665734442029
-0.290212084287142,0.383625,0.0236805553436279
-0.28922586008069,0.227055768982915,0.00631944465637207
-0.289225835015543,0.227056016832174,0.0236805553436279
-0.289083599148451,0.261402487746928,0.0236805553436279
-0.289083594184128,0.261402299125048,0.00631944465637207
-0.288795099992455,0.383625,0.00631944465637208
-0.288342599549146,0.102375,0.0236805553436279
-0.288170125686303,0.34615732715687,0.0236805553436279
-0.288170123161839,0.346157236598027,0.00631944465637207
-0.288089756131967,0.20713090314775,0.0236805553436279
-0.288089732476675,0.207130710317233,0.00631944465637207
-0.287805726415953,0.136617858899473,0.00631944465637207
-0.287805726312994,0.136617774596131,0.0236805553436279
-0.287623043918658,0.194496190791086,0.0149817257145661
-0.287597588445014,0.366046129460743,0.00631944465637207
-0.287597585345471,0.366046157003109,0.0236805553436279
-0.287475045512388,0.179962078772333,0.0150116399399412
-0.287467328481488,0.124433660746716,0.0150089869987849
-0.287348617812711,0.24854549002772,0.0149961216636696
-0.287182464029703,0.286350733271166,0.00631944465637207
-0.287182446521437,0.286350944082743,0.0236805553436279
-0.286933267478208,0.163520286846087,0.0236805553436279
-0.286933261354894,0.163520448689583,0.00631944465637207
-0.28678964519781,0.118134154541606,0.00631944465637207
-0.286789642238783,0.118134128856058,0.0236805553436279
-0.286766515374469,0.317367074176335,0.0236805553436279
-0.286766508727831,0.317366901551967,0.00631944465637207
-0.28673881152112,0.238377932691781,0.0149932654767347
-0.286695242488285,0.189090600651226,0.00631944465637207
-0.286695240874137,0.189090550760627,0.0236805553436279
-0.286234780480181,0.243709448268823,0.0236805553436279
-0.286234765681344,0.243709277432202,0.00631944465637207
-0.28574241382704,0.113604659422502,0.0150094900131858
-0.285343608869284,0.373977745116254,0.0149853052836288
-0.284976332382872,0.102375,0.00631944465637207
-0.284836519699316,0.383625,0.0150579875587951
-0.280660339355469,0.377329437255859,0.00631944465637207
-0.280660339355469,0.377329437255859,0.015
-0.280660339355469,0.377329437255859,0.0236805553436279
-0.279481018066406,0.109190040588379,0.00631944465637207
-0.279481018066406,0.109190040588379,0.0236805553436279
-0.279481018066406,0.109190040588379,0.015
-0.277171727849739,0.102375,0.0148740051243941
-0.276773356297173,0.197741400022825,0.0236805553436279
-0.276773350025295,0.197741350460716,0.00631944465637207
-0.276452377164814,0.325098722931775,0.00631944465637207
-0.276452287137017,0.325098302168568,0.0236805553436279
-0.276285049174677,0.253000253380036,0.0236805553436279
-0.276285032312385,0.252999895774457,0.00631944465637207
-0.27575540602838,0.278748463269837,0.00631944465637207
-0.275755389263685,0.278748650421946,0.0236805553436279
-0.275715209450736,0.162720810254028,0.0236805553436279
-0.275715124514045,0.16272111767725,0.00631944465637207
-0.274717220306422,0.235661455772597,0.0236805553436279
-0.274717175615362,0.235661089343555,0.00631944465637207
-0.274647015214594,0.171587410309063,0.0149861023693387
-0.274383512183253,0.145699119519666,0.00631944465637207
-0.274383465954,0.145698927185058,0.0236805553436279
-0.27436312189251,0.125941145598869,0.0236805553436279
-0.274363108161279,0.125941220599054,0.00631944465637207
-0.274353300513324,0.361023683500276,0.0236805553436279
-0.274353284810989,0.361023608889252,0.00631944465637207
-0.274211502819629,0.341275193565484,0.0236805553436279
-0.274201901667267,0.341272558284406,0.00631944465637207
-0.273951415404727,0.383625,0.0236805553436279
-0.273723134136884,0.215526305275309,0.00631944465637207
-0.273723105366637,0.215526570142919,0.0236805553436279
-0.273451289132097,0.180593303986166,0.00631944465637207
-0.273451276130092,0.180593034858062,0.0236805553436279
-0.27315064525526,0.306129702119845,0.00631944465637207
-0.273150644782138,0.306129532333115,0.0236805553436279
-0.272845352247008,0.102375,0.0236805553436279
-0.272609643822871,0.383625,0.00631944465637207
-0.269604764996528,0.102375,0.00631944465637207
-0.265634726903682,0.370274376498905,0.0236805553436279
-0.265257814446281,0.369802177957747,0.00631944465637207
-0.264815404129129,0.225765992462421,0.015
-0.264041226746819,0.325892359614286,0.00631944465637207
-0.263758216939218,0.173676557301512,0.0236805553436279
-0.263569744324155,0.326589900813052,0.0236805553436279
-0.263540252293799,0.116355692704226,0.00631944465637207
-0.263392543800877,0.116625375550111,0.0236805553436279
-0.261768722161615,0.102375,0.0148947350153051
-0.261360410703623,0.162161151094038,0.00631944465637207
-0.261104209345247,0.155097907915239,0.0236805553436279
-0.260859829999066,0.383625,0.0149407151209353
-0.26081403943588,0.268496796737178,0.00631944465637207
-0.260690513010107,0.268621406273578,0.0236805553436279
-0.260613191479587,0.249260154794938,0.00631944465637207
-0.260232749709823,0.222320370407902,0.00631944465637207
-0.260223889095146,0.134782195007675,0.0236805553436279
-0.26016132549089,0.225208816980601,0.0236805553436279
-0.25975460034643,0.193450317093756,0.00631944465637207
-0.259751067150482,0.20503222396734,0.0236805553436279
-0.259374300902755,0.188077651563025,0.0236805553436279
-0.25936974335446,0.349897234629868,0.00631944465637207
-0.25936585085916,0.350707440512723,0.0236805553436279
-0.259094127968718,0.205743030093547,0.00631944465637207
-0.258710429934857,0.13736422543426,0.00631944465637207
-0.258306804668042,0.246459848004085,0.0236805553436279
-0.256452354542435,0.383625,0.0236805553436279
-0.256117080302288,0.102375,0.0236805553436279
-0.255907702891622,0.236005414781923,0.00631944465637207
-0.255079316270137,0.383625,0.00631944465637207
-0.253848905171083,0.114451858868683,0.0172046578446036
-0.253110795189804,0.102375,0.00631944465637207
-0.250074740956797,0.375678807350636,0.0157185490202685
-0.248120194371324,0.37587044872759,0.0236805553436279
-0.247900393793411,0.110369023361124,0.0236805553436279
-0.246331088161517,0.220122535900672,0.0149849309334847
-0.246312804006378,0.383625,0.0150013177786584
-0.245975148190925,0.229329009039123,0.00631944465637207
-0.245973111406226,0.229346089806563,0.0236805553436279
-0.245852759392603,0.173794260553414,0.0236805553436279
-0.245851935341217,0.173784183633572,0.00631944465637207
-0.245602654820196,0.21098082100922,0.0236805553436279
-0.245600908014846,0.210970123140897,0.00631944465637207
-0.245521005899642,0.297193862969277,0.0236805553436279
-0.245514087046102,0.297103382369974,0.00631944465637207
-0.245289681331038,0.102375,0.0148850020694221
-0.245172854957279,0.264733989467525,0.00631944465637207
-0.245171304386399,0.234129868071814,0.0149953129760951
-0.245168688547933,0.264803848582007,0.0236805553436279
-0.244825071395338,0.362915314280661,0.00631944465637207
-0.244821744268604,0.362951431045461,0.0236805553436279
-0.244530553777252,0.335330907254715,0.0236805553436279
-0.244527698319293,0.335243885113161,0.00631944465637207
-0.244517830044997,0.20623032521055,0.0149909309960074
-0.244398420194901,0.145223671937117,0.00631944465637207
-0.244398330566983,0.145226956992361,0.0236805553436279
-0.244305266541288,0.112278342187255,0.0107287603455792
-0.244234219370683,0.280972154622537,0.0149968487419793
-0.244215533035416,0.194726965273966,0.00631944465637207
-0.244213373745169,0.194737856402911,0.0236805553436279
-0.244044424187632,0.121388758559539,0.0236805553436279
-0.244042703302002,0.121387462889559,0.00631944465637207
-0.243695973527075,0.245701913190026,0.0236805553436279
-0.243689315865162,0.245665911293149,0.00631944465637207
-0.243473513241815,0.113370315674829,0.0180818792330771
-0.243420052216619,0.115614698334355,0.0146482099577396
-0.242371930073089,0.1096844159344,0.0149982159336702
-0.238785196113927,0.102375,0.0236805553436279
-0.23871590541235,0.383625,0.0236805553436279
-0.237844345092773,0.377277313232422,0.00631944465637207
-0.237844345092773,0.377277313232422,0.0236805553436279
-0.237844345092773,0.377277313232422,0.015
-0.237377212152303,0.383625,0.00631944465637207
-0.237253997802734,0.108657592773438,0.015
-0.237253997802734,0.108657592773438,0.00631944465637207
-0.237253997802734,0.108657592773438,0.0236805553436279
-0.236074819260074,0.102375,0.00631944465637207
-0.233904699325968,0.287210651060681,0.00631944465637207
-0.233862976404541,0.199839803198069,0.0236805553436279
-0.233764855814276,0.327023339664819,0.0236805553436279
-0.233744963376485,0.198370284503106,0.00631944465637207
-0.233372749443935,0.289963779107385,0.0236805553436279
-0.232745562183252,0.323075184856229,0.00631944465637207
-0.232745027320644,0.236997659613041,0.0236805553436279
-0.232554024289631,0.163395214790178,0.00631944465637207
-0.232351307742557,0.164025840077874,0.0236805553436279
-0.232222245033038,0.362928211227027,0.0236805553436279
-0.23210384118446,0.251290828442143,0.00631944465637207
-0.231932075006341,0.234365962772727,0.00631944465637207
-0.231746636796514,0.147302018734917,0.0236805553436279
-0.231489633732821,0.146361102906836,0.00631944465637207
-0.231453055384652,0.125920597948391,0.00631944465637207
-0.231407715426363,0.253698102479599,0.0236805553436279
-0.231364424511245,0.126341488782046,0.0236805553436279
-0.231264030911934,0.340146103738133,0.00631944465637207
-0.230875558485033,0.360592402861586,0.00631944465637207
-0.230861357512197,0.27268463873508,0.0236805553436279
-0.230839062510773,0.343596337792954,0.0236805553436279
-0.23045649106243,0.216020318114824,0.00631944465637207
-0.230363678914504,0.269386047103789,0.00631944465637207
-0.230281773788631,0.217676086271479,0.0236805553436279
-0.230139557892739,0.18271370704348,0.0236805553436279
-0.230099138186273,0.305139091194708,0.00631944465637207
-0.230076917446093,0.309167384534679,0.0236805553436279
-0.23002083173634,0.181043614677903,0.00631944465637207
-0.229370928889398,0.383625,0.0150076431158589
-0.228224913178009,0.102375,0.014916534892902
-0.225760879678934,0.376146452146492,0.00631944465637207
-0.225248334354576,0.110175027314381,0.00631944465637207
-0.22292650160065,0.370392506948836,0.0236805553436279
-0.220523584238225,0.278282805495437,0.0236805553436279
-0.220339622920699,0.172082760878818,0.00631944465637207
-0.219944747950412,0.102375,0.0236805553436279
-0.219755569255243,0.383625,0.0236805553436279
-0.219547410359531,0.173127202725778,0.0236805553436279
-0.219096423200805,0.135459692517477,0.00631944465637207
-0.218945063692445,0.200479813793809,0.0236805553436279
-0.218812378600362,0.136426510581109,0.0236805553436279
-0.218412516131442,0.383625,0.00631944465637207
-0.218310247850145,0.323057726023842,0.00631944465637207
-0.217892901595378,0.111760812203707,0.0236805553436279
-0.217807664560323,0.300798852371717,0.00631944465637207
-0.217785051248276,0.365175842585,0.00631944465637207
-0.217591650762297,0.102375,0.00631944465637207
-0.217462355942271,0.159961658636322,0.0236805553436279
-0.217423138901261,0.263016714053176,0.00631944465637207
-0.217259057549392,0.158924562872975,0.00631944465637207
-0.217163331265059,0.263798946612457,0.0236805553436279
-0.217015281655402,0.281789570392357,0.00631944465637207
-0.217006634543238,0.245341519185068,0.0236805553436279
-0.216923434426789,0.244497946058853,0.00631944465637207
-0.216783827493086,0.18757603053802,0.00631944465637207
-0.216717498523686,0.346325162671217,0.00631944465637207
-0.216531518212021,0.202483581256909,0.00631944465637207
-0.216483723223501,0.293873413403913,0.0236805553436279
-0.216191471517012,0.356272469952297,0.0236805553436279
-0.215892049396214,0.330029864710129,0.0236805553436279
-0.215354536065927,0.228051638278352,0.00631944465637207
-0.21504700831673,0.184821143867193,0.0236805553436279
-0.214591087692501,0.123512890244583,0.00631944465637207
-0.214310637407345,0.146035336873968,0.00631944465637207
-0.214247636629564,0.147141992326019,0.0236805553436279
-0.213740681181501,0.224694796846183,0.0236805553436279
-0.211809443363354,0.102375,0.0146387702263417
-0.211586019864915,0.215107529577665,0.00631944465637207
-0.211502144384256,0.122940267873216,0.0236805553436279
-0.210338832136192,0.383625,0.0149692037201881
-0.209382873941891,0.374410343090673,0.00631944465637207
-0.208562462191955,0.372896408353635,0.0236805553436279
-0.20853212905709,0.111863843447502,0.00631944465637207
-0.20824876398209,0.116525910461688,0.0170967901130973
-0.207413197001732,0.108559198095278,0.0174869075488286
-0.204875998752555,0.114335573934995,0.0236805553436279
-0.203344881879447,0.137075020880854,0.0236805553436279
-0.203297154985221,0.135775710116008,0.00631944465637207
-0.203044838070224,0.171968638897524,0.00631944465637207
-0.203001281097333,0.171594288621341,0.0236805553436279
-0.202752918296055,0.254934531950036,0.0236805553436279
-0.202729646188177,0.313506631571911,0.0236805553436279
-0.202701701085479,0.254510091299109,0.00631944465637207
-0.202533450507863,0.313162920747201,0.00631944465637207
-0.20236092305495,0.109656718889244,0.0146712480330072
-0.20230516030095,0.275994370707053,0.00631944465637207
-0.202256529860577,0.362296191599811,0.00631944465637207
-0.202025346629385,0.339610031575192,0.00631944465637207
-0.201989652299899,0.192547488932303,0.00631944465637207
-0.201884430303102,0.277523667853601,0.0236805553436279
-0.201722354896973,0.194568086366241,0.0236805553436279
-0.2016228377156,0.293796755965997,0.0236805553436279
-0.201404767624008,0.363377479101467,0.0236805553436279
-0.20133262460563,0.111419140562966,0.0215020949564936
-0.201234730020955,0.292429882460487,0.00631944465637207
-0.201182670865128,0.340435100228973,0.0236805553436279
-0.201137842375506,0.383625,0.0236805553436279
-0.201127634947652,0.119717127886891,0.0236805553436279
-0.201079766407288,0.111392218659858,0.0128161428735908
-0.201059677008799,0.11929126094621,0.00631944465637207
-0.201048733780955,0.102375,0.0236805553436279
-0.200771416853867,0.114063879618234,0.0193154219399237
-0.200544183641392,0.23666765523683,0.00631944465637207
-0.200513525259744,0.153395352377684,0.00631944465637207
-0.20040124694029,0.207488811267765,0.00631944465637207
-0.200353787744832,0.154158510505983,0.0236805553436279
-0.200341525360822,0.102375,0.00631944465637207
-0.200253317531889,0.232560923125051,0.0236805553436279
-0.199985390694306,0.383625,0.00631944465637207
-0.199974030323203,0.216336234057259,0.0236805553436279
-0.19991016733127,0.221612394273869,0.00631944465637207
-0.196178802490234,0.377277313232422,0.015
-0.196178802490234,0.377277313232422,0.00631944465637207
-0.196178802490234,0.377277313232422,0.0236805553436279
-0.195325522137348,0.383625,0.0147753844435337
-0.194429931640625,0.108657592773438,0.00631944465637207
-0.194429931640625,0.108657592773438,0.0236805553436279
-0.194429931640625,0.108657592773438,0.015
-0.191346569785737,0.102375,0.0148376999551236
-0.190856964202389,0.371021648123257,0.0106789656226592
-0.19085074764681,0.200576349785266,0.0236805553436279
-0.190844347835025,0.199877055070133,0.00631944465637207
-0.190650060422091,0.243819679764452,0.00631944465637207
-0.190495518157425,0.327626643219561,0.0149704979092549
-0.190475178904064,0.245214499854773,0.0236805553436279
-0.190344951931834,0.154337175175878,0.0236805553436279
-0.190329913369236,0.283226888577616,0.0150579152892642
-0.190210897236032,0.154028646243639,0.00631944465637207
-0.189871333416943,0.161943165832756,0.0150014051999491
-0.189867503686384,0.290034517611058,0.00631944465637207
-0.189568747224938,0.291430180220902,0.0236805553436279
-0.189393316488274,0.334278965306472,0.00631944465637207
-0.189379434574797,0.236764657555912,0.0149623981939186
-0.189321867931919,0.365396641011588,0.0236805553436279
-0.189247224964717,0.192511992788037,0.0150243936733706
-0.189204895599777,0.364813886129144,0.00631944465637207
-0.189150676884292,0.207175404552291,0.0149821165469221
-0.189105044141166,0.321044164889361,0.0236805553436279
-0.189097532947755,0.335871495293771,0.0236805553436279
-0.188968568053839,0.320325195493194,0.00631944465637207
-0.188869606754423,0.12304305740641,0.00631944465637207
-0.188868531801475,0.123049458995975,0.0236805553436279
-0.188800472664291,0.276461449084419,0.0236805553436279
-0.188749446120587,0.252607868590593,0.0149490088038147
-0.188669254204597,0.146608873426552,0.0149611589749983
-0.188491214536448,0.274979218257677,0.00631944465637207
-0.188297534342499,0.169537178391698,0.00631944465637207
-0.18828805685484,0.229591824396017,0.0236805553436279
-0.18828169348652,0.298208585242554,0.0149663492011898
-0.188221392497375,0.357704282249898,0.0151048010225228
-0.188208452626402,0.185051882193005,0.0236805553436279
-0.188205662580961,0.170120245717366,0.0236805553436279
-0.188201153059515,0.228279210119349,0.00631944465637207
-0.188179415337606,0.213754931301465,0.00631944465637207
-0.188169480984118,0.184573121439583,0.00631944465637207
-0.188141090890927,0.342276905219341,0.0150214150740898
-0.188118990944021,0.313252746282688,0.0150446290362928
-0.188055162685759,0.260152671438858,0.00631944465637207
-0.188044564223753,0.130950573502983,0.0148906066474963
-0.188019959645379,0.214909412459507,0.0236805553436279
-0.187988034656211,0.261288151811967,0.0236805553436279
-0.187763184098602,0.221592215818723,0.0150088457879831
-0.18774868318844,0.139068325767102,0.0236805553436279
-0.187744107064553,0.306056631775455,0.0236805553436279
-0.187743330524686,0.138947981685166,0.00631944465637207
-0.18773618773055,0.305058020510787,0.00631944465637207
-0.187727382239928,0.350465904450735,0.0236805553436279
-0.187691465848547,0.177310465487582,0.0150112888966395
-0.187686072756789,0.268163692308448,0.0150202018382246
-0.187678079019323,0.348690052077562,0.00631944465637207
-0.184728642767528,0.172156531746537,0.0116534226598371
-0.182,0.246545135477408,0.0150096713758616
-0.182,0.26010308764403,0.0149732790316626
-0.182,0.276018621907702,0.0150161246049475
-0.182,0.2922456582875,0.0149952232109009
-0.182,0.308456311490622,0.0149860484090214
-0.182,0.324640829397039,0.0150031707200639
-0.182,0.341000416066591,0.0150022918734973
-0.182,0.153122145453335,0.0236805553436279
-0.182,0.18545760860053,0.0236805553436279
-0.182,0.357033367684566,0.0150105805209202
-0.182,0.369676786090789,0.0147899633388565
-0.182,0.137268643765346,0.00631944465637207
-0.182,0.153722431521837,0.00631944465637207
-0.182,0.169728641951691,0.00631944465637207
-0.182,0.315921968040603,0.0236805553436279
-0.182,0.136726982334274,0.0236805553436279
-0.182,0.169196107882832,0.0236805553436279
-0.182,0.185987979897267,0.00631944465637207
-0.182,0.202070987524589,0.0236805553436279
-0.182,0.20268756350504,0.00631944465637207
-0.182,0.300746364027104,0.00631944465637207
-0.182,0.31686285235826,0.00631944465637207
-0.182,0.102375,0.00631944465637207
-0.182,0.102375,0.0236805553436279
-0.182,0.120409153741612,0.0236805553436279
-0.182,0.120887559890137,0.00631944465637207
-0.182,0.299807406515238,0.0236805553436279
-0.182,0.383625,0.00631944465637207
-0.182,0.383625,0.0236805553436279
-0.182,0.218029508751408,0.0236805553436279
-0.182,0.267161185604941,0.0236805553436279
-0.182,0.2680466004197,0.00631944465637207
-0.182,0.284702336219684,0.00631944465637207
-0.182,0.332351424674436,0.0236805553436279
-0.182,0.365201670398332,0.0236805553436279
-0.182,0.115179298108501,0.0150850310772247
-0.182,0.129272884102105,0.0150135819784212
-0.182,0.145169866323155,0.01501270607615
-0.182,0.160868126912759,0.0149753752486812
-0.182,0.174257183232405,0.0150162390053325
-0.182,0.197306940584376,0.0150027815731452
-0.182,0.210330051842974,0.0149531552113849
-0.182,0.218526505781841,0.00631944465637207
-0.182,0.223361806958363,0.015080559222238
-0.182,0.234478685794545,0.0236805553436279
-0.182,0.250974396445776,0.0236805553436279
-0.182,0.283719636970962,0.0236805553436279
-0.182,0.333322402701117,0.00631944465637207
-0.182,0.251889639253584,0.00631944465637207
-0.182,0.348838880716745,0.0236805553436279
-0.182,0.36620884951655,0.00631944465637207
-0.182,0.235197931676078,0.00631944465637207
-0.182,0.349815591225644,0.00631944465637207
