err [%],used f1,used f2,used f3,Mech params
4.06341760967559,f12,f31,f33,positive MP
4.08796390566132,f12,f30,f33,positive MP
4.10083637308597,f12,f30,f31,positive MP
4.10159812860241,f21,f31,f33,positive MP
4.120615188501,f12,f21,f31,positive MP
4.16392674802387,f22,f30,f31,positive MP
4.1688195094649,f12,f21,f30,positive MP
4.17718587614521,f21,f30,f33,positive MP
4.18081849221845,f12,f22,f30,positive MP
4.19131542736082,f20,f21,f31,positive MP
4.19514472060141,f20,f22,f31,positive MP
4.20497879360524,f30,f31,f33,positive MP
4.2070067035147,f21,f22,f31,positive MP
4.2175349242046,f20,f21,f22,positive MP
4.21930745556838,f12,f22,f31,positive MP
4.22826489893311,f20,f31,f33,positive MP
4.27597001006332,f12,f30,f32,positive MP
4.28000481312186,f12,f31,f32,positive MP
4.30100206456276,f22,f31,f32,positive MP
4.316797600719,f21,f22,f30,positive MP
4.31743360622318,f22,f30,f32,positive MP
4.33142523287746,f02,f12,f22,positive MP
4.34178546462566,f12,f21,f33,positive MP
4.35999572089047,f20,f22,f30,positive MP
4.37133647972372,f02,f22,f32,positive MP
4.3847239075397,f20,f12,f33,positive MP
4.38606323503828,f02,f12,f32,positive MP
4.38638874011633,f20,f12,f21,positive MP
4.39313877667928,f12,f22,f32,positive MP
4.39374276262819,f20,f30,f33,positive MP
4.40046166460078,f20,f21,f30,positive MP
4.40202924965384,f11,f21,f30,positive MP
4.41118917618439,f02,f20,f12,positive MP
4.4115411928987,f02,f22,f30,positive MP
4.41448843022374,f11,f12,f21,positive MP
4.42656875965114,f11,f21,f31,positive MP
4.43134225518035,f02,f30,f32,positive MP
4.43194728184004,f11,f12,f30,positive MP
4.43968444031605,f02,f20,f21,positive MP
4.44660289760994,f02,f21,f33,positive MP
4.44731945618126,f02,f20,f33,positive MP
4.4494031000714,f02,f12,f21,positive MP
4.45467497251747,f11,f30,f31,positive MP
4.46184301852525,f02,f20,f22,positive MP
4.52518444776407,f02,f12,f30,positive MP
4.53422229647919,f02,f12,f33,positive MP
4.53887010600498,f20,f21,f33,positive MP
4.57115503384831,f11,f12,f33,positive MP
4.57415059570977,f30,f31,f32,positive MP
4.60619253506041,f11,f12,f31,positive MP
4.65144312651949,f11,f20,f31,positive MP
4.66788815032154,f11,f20,f12,positive MP
4.72651290272594,f11,f20,f30,positive MP
4.73228216763243,f11,f31,f33,positive MP
4.7340749275105,f20,f12,f31,positive MP
4.74293554640334,f02,f22,f31,positive MP
4.76066069844484,f02,f21,f22,positive MP
4.77000234687725,f02,f30,f33,positive MP
4.78750780544724,f21,f30,f31,positive MP
4.86733865475502,f02,f12,f31,positive MP
4.87728850276937,f11,f02,f30,positive MP
4.8876509936729,f11,f02,f33,positive MP
4.92203992033898,f02,f31,f32,positive MP
4.95559420455306,f11,f21,f33,positive MP
4.99502510705933,f11,f02,f31,positive MP
5.05103182802883,f11,f02,f32,positive MP
5.13019407679467,f11,f31,f32,positive MP
5.16109627969892,f22,f31,f33,positive MP
5.16135539343769,f11,f12,f32,positive MP
5.1982023897257,f11,f02,f21,positive MP
5.30406772284995,f20,f12,f22,positive MP
5.31379988072155,f22,f30,f33,positive MP
5.35422035925747,f02,f31,f33,positive MP
5.47328722097509,f20,f31,f32,positive MP
5.48849356146675,f20,f12,f30,positive MP
5.60657321424835,f02,f20,f32,positive MP
5.65729029933566,f20,f30,f32,positive MP
5.69460195739268,f11,f20,f33,positive MP
5.761965337173,f11,f30,f33,positive MP
5.79128951654862,f02,f22,f33,positive MP
5.7954112005483,f11,f22,f32,positive MP
5.79645886649784,f11,f21,f22,positive MP
5.97633855649975,f02,f32,f33,positive MP
5.99536691912063,f11,f02,f20,positive MP
6.00640006915684,f11,f20,f22,positive MP
6.08877139677135,f31,f32,f33,positive MP
6.19213517755615,f11,f12,f22,positive MP
6.40194876962559,f12,f21,f22,positive MP
6.4224615377197,f11,f30,f32,positive MP
6.48757494768668,f11,f22,f33,positive MP
6.76490201908234,f20,f21,f24,positive MP
6.80360392026502,f30,f32,f33,positive MP
6.83557954694643,f11,f20,f24,positive MP
6.95997906064275,f11,f21,f24,positive MP
6.99042377792533,f21,f30,f24,positive MP
7.02658990533095,f20,f32,f24,positive MP
7.0949878055812,f11,f24,f33,positive MP
7.19289944044528,f30,f32,f24,positive MP
7.22494092646076,f11,f32,f33,positive MP
7.3276165593647,f11,f22,f24,positive MP
7.3509992271756,f22,f24,f33,positive MP
7.3895041639404,f02,f21,f30,positive MP
7.3981159707463,f20,f22,f24,positive MP
7.47161687281706,f30,f24,f33,positive MP
7.57979755186037,f11,f02,f22,positive MP
7.57999706955458,f20,f24,f33,positive MP
7.67279497336773,f11,f32,f24,positive MP
7.69200279428635,f21,f31,f24,positive MP
7.76857810578871,f31,f32,f24,positive MP
7.77894446418759,f02,f30,f31,positive MP
7.95265773947446,f22,f30,f24,positive MP
8.07495934403474,f23,f30,f24,positive MP
8.08047242084414,f20,f23,f30,positive MP
8.13575262840947,f20,f23,f31,positive MP
8.15002492352056,f20,f23,f24,positive MP
8.15073768160487,f23,f31,f24,positive MP
8.21436674057073,f21,f22,f24,positive MP
8.36179178631552,f23,f31,f32,positive MP
8.37769093961183,f12,f22,f33,positive MP
8.44484484813442,f20,f30,f24,positive MP
8.52267091086329,f02,f20,f23,positive MP
8.54746888503261,f23,f30,f32,positive MP
8.60948997835951,f23,f32,f24,positive MP
8.62394795122033,f31,f24,f33,positive MP
8.80442655919366,f02,f23,f31,positive MP
8.80886996119621,f11,f30,f24,positive MP
8.86616845673994,f12,f32,f33,positive MP
8.87854529066319,f02,f23,f30,positive MP
9.12518764500908,f21,f23,f31,positive MP
9.28065744763827,f21,f23,f30,positive MP
9.30097737962141,f23,f30,f31,positive MP
9.3789086117525,f20,f31,f24,positive MP
9.52690393592732,f02,f23,f32,positive MP
9.55427148860206,f22,f32,f24,positive MP
9.69779469774867,f22,f31,f24,positive MP
9.79148460011678,f02,f21,f31,positive MP
9.85969800248524,f20,f12,f32,positive MP
9.88848243563921,f21,f23,f24,positive MP
9.96542222059396,f21,f24,f33,positive MP
10.110619064944,f20,f22,f33,negative MP
10.4030117382279,f02,f20,f24,positive MP
10.7027430363496,f02,f31,f24,positive MP
10.7821562715407,f02,f21,f23,positive MP
10.9004509091087,f02,f30,f24,positive MP
11.2544909869282,f02,f32,f24,positive MP
11.2953971939329,f20,f23,f32,negative MP
11.6353771961097,f11,f20,f21,negative MP
12.2358973965571,f02,f21,f24,positive MP
12.3245637288726,f11,f31,f24,positive MP
12.3936379437595,f11,f20,f23,negative MP
12.4101149528947,f11,f21,f23,negative MP
12.4961211715298,f32,f24,f33,negative MP
12.5917692949849,f11,f23,f32,negative MP
12.5934717402131,f20,f21,f23,negative MP
12.7860100468589,f30,f31,f24,positive MP
13.4179469553694,f23,f30,f33,negative MP
13.7436816920505,f23,f31,f33,positive MP
14.6261564027532,f11,f23,f33,negative MP
16.4870883628296,f11,f20,f32,negative MP
16.6037694438167,f02,f20,f31,negative MP
18.4326341587458,f23,f24,f33,negative MP
18.7415078780649,f02,f23,f33,negative MP
19.2155376638853,f11,f22,f23,negative MP
19.255916999969,f22,f23,f30,negative MP
19.2593597693158,f02,f24,f33,negative MP
19.6647097934225,f11,f23,f30,negative MP
19.6860566302598,f12,f32,f24,negative MP
19.7032317821306,f12,f21,f24,negative MP
20.0908344194648,f20,f23,f33,negative MP
20.5297547944275,f12,f24,f33,negative MP
21.2829880836216,f02,f23,f24,negative MP
21.4689177488867,f20,f21,f32,negative MP
21.6851311817193,f21,f23,f32,negative MP
21.8397225814862,f11,f21,f32,negative MP
22.0022688309386,f20,f22,f23,negative MP
22.0199036479286,f11,f22,f30,negative MP
22.0769760054624,f21,f22,f32,negative MP
22.2060785929589,f22,f23,f31,negative MP
22.5999512761364,f20,f12,f24,negative MP
23.039540579215,f21,f32,f33,negative MP
23.0625422338319,f11,f22,f31,negative MP
23.4333987683394,f22,f23,f33,negative MP
23.9735227178328,f12,f22,f24,negative MP
24.246009384631,f11,f23,f24,negative MP
25.4210360634383,f22,f23,f32,negative MP
25.8824370692802,f21,f22,f23,negative MP
27.2383692357649,f02,f20,f30,negative MP
28.4499366698893,f02,f12,f23,negative MP
29.2093417533864,f12,f23,f31,negative MP
29.3308486140914,f12,f21,f32,negative MP
29.9683378764265,f23,f32,f33,negative MP
30.0300507764424,f11,f12,f23,negative MP
30.474206662579,f21,f22,f33,negative MP
31.3237832413836,f12,f23,f30,negative MP
32.2502537900939,f20,f22,f32,negative MP
33.4506322424209,f21,f23,f33,negative MP
33.9121889613283,f12,f30,f24,negative MP
34.5087478439372,f11,f02,f23,negative MP
35.125577695377,f21,f32,f24,negative MP
35.7325636306053,f11,f23,f31,negative MP
36.6393702214637,f12,f23,f24,negative MP
38.5835339320549,f02,f22,f24,negative MP
42.3941935801858,f21,f30,f32,negative MP
44.058535460478,f20,f30,f31,positive MP
48.4019309478642,f12,f31,f24,negative MP
49.6441368806779,f20,f12,f23,negative MP
51.1991316670717,f11,f12,f24,negative MP
51.9981761776568,f02,f22,f23,negative MP
57.7476601847019,f02,f12,f24,negative MP
63.4470893818061,f22,f32,f33,negative MP
65.2194558412576,f21,f31,f32,negative MP
66.8716970573925,f11,f02,f24,negative MP
69.3138707435732,f22,f23,f24,negative MP
79.3426992824352,f20,f32,f33,negative MP
93.5342474144732,f12,f23,f32,negative MP
108.664092926839,f12,f22,f23,negative MP
134.157449342599,f12,f21,f23,negative MP
273.411110606246,f11,f02,f12,negative MP
361.119237239589,f02,f21,f32,negative MP
2030.30505125361,f12,f23,f33,negative MP
